H71	EPI_ISL_414555
H92	EPI_ISL_415461
H92	EPI_ISL_415526
H92	EPI_ISL_417200
H92	EPI_ISL_417201
H92	EPI_ISL_417514
H17	EPI_ISL_407894
H17	EPI_ISL_407896
H17	EPI_ISL_410717
H17	EPI_ISL_410718
H17	EPI_ISL_411954
H17	EPI_ISL_413853
H17	EPI_ISL_416316
H17	EPI_ISL_416317
H17	EPI_ISL_416403
H17	EPI_ISL_416415
H17	EPI_ISL_416696
H14	EPI_ISL_406801
H14	EPI_ISL_407071
H14	EPI_ISL_407073
H14	EPI_ISL_407893
H14	EPI_ISL_407976
H14	EPI_ISL_408483
H14	EPI_ISL_411926
H14	EPI_ISL_412869
H14	EPI_ISL_412978
H14	EPI_ISL_412979
H14	EPI_ISL_412980
H14	EPI_ISL_412983
H14	EPI_ISL_413485
H14	EPI_ISL_413523
H14	EPI_ISL_413691
H14	EPI_ISL_413695
H14	EPI_ISL_413711
H14	EPI_ISL_413729
H14	EPI_ISL_413746
H14	EPI_ISL_413747
H14	EPI_ISL_413748
H14	EPI_ISL_413749
H14	EPI_ISL_413750
H14	EPI_ISL_413751
H14	EPI_ISL_413752
H14	EPI_ISL_413854
H14	EPI_ISL_413856
H14	EPI_ISL_413858
H14	EPI_ISL_413860
H14	EPI_ISL_413867
H14	EPI_ISL_414378
H14	EPI_ISL_414379
H14	EPI_ISL_414380
H14	EPI_ISL_414577
H14	EPI_ISL_414578
H14	EPI_ISL_414689
H14	EPI_ISL_414690
H14	EPI_ISL_414691
H14	EPI_ISL_416042
H14	EPI_ISL_416322
H14	EPI_ISL_416323
H14	EPI_ISL_416326
H14	EPI_ISL_416328
H14	EPI_ISL_416330
H14	EPI_ISL_416333
H14	EPI_ISL_416339
H14	EPI_ISL_416343
H14	EPI_ISL_416344
H14	EPI_ISL_416352
H14	EPI_ISL_416357
H14	EPI_ISL_416368
H14	EPI_ISL_416378
H14	EPI_ISL_416402
H14	EPI_ISL_416885
H14	EPI_ISL_417176
H14	EPI_ISL_417518
H14	EPI_ISL_417979
H14	EPI_ISL_417980
H14	EPI_ISL_418027
H14	EPI_ISL_418252
H16	EPI_ISL_407193
H16	EPI_ISL_412870
H16	EPI_ISL_412871
H16	EPI_ISL_413513
H16	EPI_ISL_413514
H16	EPI_ISL_413515
H16	EPI_ISL_413516
H16	EPI_ISL_413518
H16	EPI_ISL_413519
H16	EPI_ISL_413520
H16	EPI_ISL_413521
H36	EPI_ISL_413017
H6	EPI_ISL_406031
H6	EPI_ISL_406036
H6	EPI_ISL_406844
H6	EPI_ISL_408977
H6	EPI_ISL_410536
H6	EPI_ISL_410545
H6	EPI_ISL_410713
H6	EPI_ISL_410714
H6	EPI_ISL_410715
H6	EPI_ISL_410716
H6	EPI_ISL_411929
H6	EPI_ISL_411951
H6	EPI_ISL_413018
H6	EPI_ISL_413863
H6	EPI_ISL_415582
H6	EPI_ISL_416315
H6	EPI_ISL_416325
H6	EPI_ISL_416349
H6	EPI_ISL_416364
H6	EPI_ISL_416400
H6	EPI_ISL_416408
H6	EPI_ISL_416410
H6	EPI_ISL_416411
H6	EPI_ISL_417185
H27	EPI_ISL_412029
H27	EPI_ISL_414527
H27	EPI_ISL_414528
H27	EPI_ISL_414569
H27	EPI_ISL_416314
H27	EPI_ISL_417187
H27	EPI_ISL_417188
H27	EPI_ISL_417193
H27	EPI_ISL_417197
H24	EPI_ISL_410546
H24	EPI_ISL_412974
H24	EPI_ISL_413605
H24	EPI_ISL_414529
H24	EPI_ISL_414531
H24	EPI_ISL_414532
H24	EPI_ISL_414534
H24	EPI_ISL_414645
H24	EPI_ISL_415130
H24	EPI_ISL_415132
H24	EPI_ISL_415139
H24	EPI_ISL_415143
H24	EPI_ISL_415144
H24	EPI_ISL_415149
H24	EPI_ISL_415470
H24	EPI_ISL_415484
H24	EPI_ISL_415590
H24	EPI_ISL_415641
H24	EPI_ISL_415643
H24	EPI_ISL_415709
H24	EPI_ISL_416346
H24	EPI_ISL_416480
H24	EPI_ISL_416503
H24	EPI_ISL_416507
H24	EPI_ISL_416515
H24	EPI_ISL_416516
H24	EPI_ISL_416518
H24	EPI_ISL_417215
H24	EPI_ISL_417254
H24	EPI_ISL_417262
H24	EPI_ISL_417275
H24	EPI_ISL_417281
H24	EPI_ISL_417284
H24	EPI_ISL_417303
H24	EPI_ISL_417305
H24	EPI_ISL_417314
H24	EPI_ISL_417486
H24	EPI_ISL_417487
H24	EPI_ISL_417488
H24	EPI_ISL_417489
H24	EPI_ISL_417490
H24	EPI_ISL_417601
H24	EPI_ISL_417605
H24	EPI_ISL_417657
H24	EPI_ISL_417658
H24	EPI_ISL_417661
H24	EPI_ISL_417668
H24	EPI_ISL_418025
H40	EPI_ISL_413025
H40	EPI_ISL_413603
H40	EPI_ISL_414009
H40	EPI_ISL_417483
H40	EPI_ISL_418080
H147	EPI_ISL_417267
H147	EPI_ISL_417268
H147	EPI_ISL_417269
H28	EPI_ISL_412116
H28	EPI_ISL_414005
H28	EPI_ISL_414006
H28	EPI_ISL_414007
H28	EPI_ISL_415128
H28	EPI_ISL_415478
H28	EPI_ISL_415630
H28	EPI_ISL_417213
H28	EPI_ISL_417270
H28	EPI_ISL_417282
H28	EPI_ISL_417315
H28	EPI_ISL_417584
H28	EPI_ISL_417659
H28	EPI_ISL_417950
H28	EPI_ISL_418020
H28	EPI_ISL_418021
H96	EPI_ISL_415492
H35	EPI_ISL_413016
H35	EPI_ISL_413019
H35	EPI_ISL_414011
H35	EPI_ISL_414013
H35	EPI_ISL_414451
H35	EPI_ISL_414468
H35	EPI_ISL_415142
H35	EPI_ISL_415486
H35	EPI_ISL_415491
H35	EPI_ISL_415512
H35	EPI_ISL_415527
H35	EPI_ISL_417008
H35	EPI_ISL_417009
H35	EPI_ISL_417246
H35	EPI_ISL_417290
H35	EPI_ISL_417291
H35	EPI_ISL_417346
H35	EPI_ISL_417522
H35	EPI_ISL_417528
H35	EPI_ISL_417825
H35	EPI_ISL_417931
H35	EPI_ISL_417975
H35	EPI_ISL_418005
H35	EPI_ISL_418060
H35	EPI_ISL_418149
H110	EPI_ISL_416032
H110	EPI_ISL_417672
H143	EPI_ISL_417025
H148	EPI_ISL_417292
H166	EPI_ISL_417580
H166	EPI_ISL_417590
H166	EPI_ISL_417611
H166	EPI_ISL_417621
H166	EPI_ISL_417655
H166	EPI_ISL_417660
H166	EPI_ISL_417699
H166	EPI_ISL_417822
H103	EPI_ISL_415631
H135	EPI_ISL_416646
H135	EPI_ISL_416675
H135	EPI_ISL_416723
H135	EPI_ISL_416733
H135	EPI_ISL_417017
H135	EPI_ISL_417280
H135	EPI_ISL_417289
H135	EPI_ISL_417574
H135	EPI_ISL_417670
H135	EPI_ISL_417732
H160	EPI_ISL_417540
H160	EPI_ISL_417541
H160	EPI_ISL_417545
H160	EPI_ISL_417603
H160	EPI_ISL_417801
H161	EPI_ISL_417544
H161	EPI_ISL_417548
H161	EPI_ISL_417557
H161	EPI_ISL_417558
H161	EPI_ISL_417568
H161	EPI_ISL_417607
H161	EPI_ISL_417653
H161	EPI_ISL_417696
H161	EPI_ISL_417716
H161	EPI_ISL_417750
H161	EPI_ISL_417771
H161	EPI_ISL_417772
H161	EPI_ISL_417838
H161	EPI_ISL_417864
H183	EPI_ISL_418243
H13	EPI_ISL_406596
H13	EPI_ISL_406597
H13	EPI_ISL_410720
H13	EPI_ISL_411219
H13	EPI_ISL_411220
H64	EPI_ISL_414517
H64	EPI_ISL_414519
H129	EPI_ISL_416539
H128	EPI_ISL_416538
H128	EPI_ISL_418045
H7	EPI_ISL_406034
H7	EPI_ISL_408484
H7	EPI_ISL_408485
H7	EPI_ISL_408668
H7	EPI_ISL_410045
H7	EPI_ISL_416338
H7	EPI_ISL_416341
H7	EPI_ISL_416381
H7	EPI_ISL_416409
H7	EPI_ISL_416427
H7	EPI_ISL_416429
H26	EPI_ISL_412028
H34	EPI_ISL_412982
H184	EPI_ISL_418251
H15	EPI_ISL_406862
H15	EPI_ISL_414640
H15	EPI_ISL_416327
H15	EPI_ISL_416334
H15	EPI_ISL_416386
H15	EPI_ISL_417471
H15	EPI_ISL_417494
H60	EPI_ISL_414430
H48	EPI_ISL_413588
H48	EPI_ISL_413589
H48	EPI_ISL_414461
H127	EPI_ISL_416523
H127	EPI_ISL_417598
H127	EPI_ISL_417830
H45	EPI_ISL_413572
H45	EPI_ISL_414625
H45	EPI_ISL_414627
H45	EPI_ISL_414630
H45	EPI_ISL_414634
H45	EPI_ISL_414635
H45	EPI_ISL_414636
H45	EPI_ISL_414642
H45	EPI_ISL_415477
H45	EPI_ISL_415487
H45	EPI_ISL_415543
H45	EPI_ISL_415544
H45	EPI_ISL_415649
H45	EPI_ISL_415650
H45	EPI_ISL_415692
H45	EPI_ISL_415693
H45	EPI_ISL_416457
H45	EPI_ISL_416478
H45	EPI_ISL_416491
H45	EPI_ISL_416492
H45	EPI_ISL_416495
H45	EPI_ISL_416496
H45	EPI_ISL_416498
H45	EPI_ISL_416501
H45	EPI_ISL_416502
H45	EPI_ISL_416504
H45	EPI_ISL_416505
H45	EPI_ISL_416506
H45	EPI_ISL_416508
H45	EPI_ISL_416509
H45	EPI_ISL_416510
H45	EPI_ISL_416511
H45	EPI_ISL_416512
H45	EPI_ISL_416642
H45	EPI_ISL_416655
H45	EPI_ISL_416660
H45	EPI_ISL_416672
H45	EPI_ISL_416678
H45	EPI_ISL_416748
H45	EPI_ISL_416753
H45	EPI_ISL_416830
H45	EPI_ISL_417006
H45	EPI_ISL_417020
H45	EPI_ISL_417204
H45	EPI_ISL_417330
H45	EPI_ISL_417338
H45	EPI_ISL_417340
H45	EPI_ISL_417352
H45	EPI_ISL_417359
H45	EPI_ISL_417373
H45	EPI_ISL_417457
H45	EPI_ISL_417463
H45	EPI_ISL_417465
H45	EPI_ISL_417466
H45	EPI_ISL_417467
H45	EPI_ISL_417468
H45	EPI_ISL_417469
H45	EPI_ISL_417474
H45	EPI_ISL_417476
H45	EPI_ISL_417492
H45	EPI_ISL_417497
H45	EPI_ISL_417499
H45	EPI_ISL_417505
H45	EPI_ISL_417516
H45	EPI_ISL_417559
H45	EPI_ISL_417562
H45	EPI_ISL_417570
H45	EPI_ISL_417579
H45	EPI_ISL_417593
H45	EPI_ISL_417594
H45	EPI_ISL_417596
H45	EPI_ISL_417614
H45	EPI_ISL_417620
H45	EPI_ISL_417654
H45	EPI_ISL_417656
H45	EPI_ISL_417665
H45	EPI_ISL_417675
H45	EPI_ISL_417677
H45	EPI_ISL_417682
H45	EPI_ISL_417683
H45	EPI_ISL_417685
H45	EPI_ISL_417692
H45	EPI_ISL_417693
H45	EPI_ISL_417700
H45	EPI_ISL_417701
H45	EPI_ISL_417705
H45	EPI_ISL_417715
H45	EPI_ISL_417721
H45	EPI_ISL_417722
H45	EPI_ISL_417723
H45	EPI_ISL_417725
H45	EPI_ISL_417726
H45	EPI_ISL_417731
H45	EPI_ISL_417735
H45	EPI_ISL_417742
H45	EPI_ISL_417748
H45	EPI_ISL_417761
H45	EPI_ISL_417773
H45	EPI_ISL_417779
H45	EPI_ISL_417784
H45	EPI_ISL_417787
H45	EPI_ISL_417805
H45	EPI_ISL_417832
H45	EPI_ISL_417833
H45	EPI_ISL_417835
H45	EPI_ISL_417842
H45	EPI_ISL_417844
H45	EPI_ISL_417846
H45	EPI_ISL_417848
H45	EPI_ISL_417849
H45	EPI_ISL_417850
H45	EPI_ISL_417853
H45	EPI_ISL_417854
H45	EPI_ISL_417855
H45	EPI_ISL_417856
H45	EPI_ISL_417857
H45	EPI_ISL_417865
H45	EPI_ISL_417866
H45	EPI_ISL_417872
H45	EPI_ISL_417873
H45	EPI_ISL_417874
H45	EPI_ISL_417875
H45	EPI_ISL_417935
H45	EPI_ISL_417937
H45	EPI_ISL_417938
H45	EPI_ISL_417939
H45	EPI_ISL_417976
H45	EPI_ISL_417977
H45	EPI_ISL_418022
H45	EPI_ISL_418039
H45	EPI_ISL_418041
H45	EPI_ISL_418044
H45	EPI_ISL_418057
H45	EPI_ISL_418076
H45	EPI_ISL_418184
H45	EPI_ISL_418188
H45	EPI_ISL_418190
H45	EPI_ISL_418192
H45	EPI_ISL_418193
H45	EPI_ISL_418196
H45	EPI_ISL_418197
H45	EPI_ISL_418198
H45	EPI_ISL_418199
H45	EPI_ISL_418200
H45	EPI_ISL_418202
H45	EPI_ISL_418203
H45	EPI_ISL_418204
H45	EPI_ISL_418218
H45	EPI_ISL_418220
H45	EPI_ISL_418226
H45	EPI_ISL_418228
H45	EPI_ISL_418236
H45	EPI_ISL_418237
H45	EPI_ISL_418239
H45	EPI_ISL_418241
H45	EPI_ISL_418242
H162	EPI_ISL_417555
H162	EPI_ISL_417797
H104	EPI_ISL_415648
H126	EPI_ISL_416513
H182	EPI_ISL_418224
H91	EPI_ISL_415460
H91	EPI_ISL_415465
H91	EPI_ISL_415466
H91	EPI_ISL_415469
H91	EPI_ISL_415515
H91	EPI_ISL_415525
H91	EPI_ISL_415534
H155	EPI_ISL_417420
H95	EPI_ISL_415481
H157	EPI_ISL_417531
H157	EPI_ISL_417532
H169	EPI_ISL_417629
H169	EPI_ISL_417806
H169	EPI_ISL_418206
H169	EPI_ISL_418207
H169	EPI_ISL_418208
H169	EPI_ISL_418209
H172	EPI_ISL_417752
H90	EPI_ISL_415159
H81	EPI_ISL_414628
H81	EPI_ISL_415710
H81	EPI_ISL_416758
H81	EPI_ISL_417336
H81	EPI_ISL_418219
H80	EPI_ISL_414626
H80	EPI_ISL_414632
H80	EPI_ISL_414633
H80	EPI_ISL_414637
H80	EPI_ISL_414638
H80	EPI_ISL_415654
H80	EPI_ISL_415697
H80	EPI_ISL_416497
H80	EPI_ISL_417440
H80	EPI_ISL_417878
H80	EPI_ISL_417879
H80	EPI_ISL_418223
H80	EPI_ISL_418225
H80	EPI_ISL_418227
H80	EPI_ISL_418229
H80	EPI_ISL_418232
H80	EPI_ISL_418233
H80	EPI_ISL_418238
H31	EPI_ISL_412964
H31	EPI_ISL_412971
H31	EPI_ISL_412973
H31	EPI_ISL_413555
H31	EPI_ISL_413566
H31	EPI_ISL_413575
H31	EPI_ISL_413591
H31	EPI_ISL_413593
H31	EPI_ISL_413602
H31	EPI_ISL_414015
H31	EPI_ISL_414016
H31	EPI_ISL_414045
H31	EPI_ISL_414437
H31	EPI_ISL_414441
H31	EPI_ISL_414443
H31	EPI_ISL_414445
H31	EPI_ISL_414456
H31	EPI_ISL_414457
H31	EPI_ISL_414465
H31	EPI_ISL_414525
H31	EPI_ISL_414530
H31	EPI_ISL_414586
H31	EPI_ISL_414587
H31	EPI_ISL_414631
H31	EPI_ISL_414648
H31	EPI_ISL_415131
H31	EPI_ISL_415133
H31	EPI_ISL_415135
H31	EPI_ISL_415136
H31	EPI_ISL_415140
H31	EPI_ISL_415146
H31	EPI_ISL_415150
H31	EPI_ISL_415152
H31	EPI_ISL_415156
H31	EPI_ISL_415435
H31	EPI_ISL_415472
H31	EPI_ISL_415473
H31	EPI_ISL_415474
H31	EPI_ISL_415480
H31	EPI_ISL_415485
H31	EPI_ISL_415499
H31	EPI_ISL_415601
H31	EPI_ISL_415629
H31	EPI_ISL_415640
H31	EPI_ISL_415642
H31	EPI_ISL_415646
H31	EPI_ISL_415647
H31	EPI_ISL_415655
H31	EPI_ISL_415708
H31	EPI_ISL_416031
H31	EPI_ISL_416141
H31	EPI_ISL_416144
H31	EPI_ISL_416470
H31	EPI_ISL_416524
H31	EPI_ISL_416525
H31	EPI_ISL_416658
H31	EPI_ISL_416742
H31	EPI_ISL_416832
H31	EPI_ISL_417013
H31	EPI_ISL_417024
H31	EPI_ISL_417026
H31	EPI_ISL_417027
H31	EPI_ISL_417032
H31	EPI_ISL_417186
H31	EPI_ISL_417202
H31	EPI_ISL_417220
H31	EPI_ISL_417221
H31	EPI_ISL_417222
H31	EPI_ISL_417223
H31	EPI_ISL_417227
H31	EPI_ISL_417228
H31	EPI_ISL_417247
H31	EPI_ISL_417251
H31	EPI_ISL_417257
H31	EPI_ISL_417266
H31	EPI_ISL_417304
H31	EPI_ISL_417310
H31	EPI_ISL_417418
H31	EPI_ISL_417419
H31	EPI_ISL_417421
H31	EPI_ISL_417423
H31	EPI_ISL_417430
H31	EPI_ISL_417445
H31	EPI_ISL_417446
H31	EPI_ISL_417447
H31	EPI_ISL_417470
H31	EPI_ISL_417472
H31	EPI_ISL_417473
H31	EPI_ISL_417481
H31	EPI_ISL_417485
H31	EPI_ISL_417493
H31	EPI_ISL_417495
H31	EPI_ISL_417496
H31	EPI_ISL_417515
H31	EPI_ISL_417535
H31	EPI_ISL_417556
H31	EPI_ISL_417572
H31	EPI_ISL_417592
H31	EPI_ISL_417638
H31	EPI_ISL_417691
H31	EPI_ISL_417727
H31	EPI_ISL_417730
H31	EPI_ISL_417831
H31	EPI_ISL_417921
H31	EPI_ISL_417941
H31	EPI_ISL_417959
H31	EPI_ISL_417972
H31	EPI_ISL_417973
H31	EPI_ISL_417974
H31	EPI_ISL_417990
H31	EPI_ISL_418017
H31	EPI_ISL_418139
H31	EPI_ISL_418166
H31	EPI_ISL_418210
H31	EPI_ISL_418211
H31	EPI_ISL_418213
H65	EPI_ISL_414523
H65	EPI_ISL_414526
H65	EPI_ISL_415134
H65	EPI_ISL_415141
H65	EPI_ISL_416731
H65	EPI_ISL_417217
H65	EPI_ISL_417226
H65	EPI_ISL_417231
H65	EPI_ISL_417240
H65	EPI_ISL_417255
H65	EPI_ISL_417589
H65	EPI_ISL_417754
H73	EPI_ISL_414559
H125	EPI_ISL_416482
H125	EPI_ISL_417233
H125	EPI_ISL_417248
H125	EPI_ISL_417301
H125	EPI_ISL_417302
H125	EPI_ISL_417695
H125	EPI_ISL_417698
H125	EPI_ISL_417736
H125	EPI_ISL_417749
H125	EPI_ISL_417997
H125	EPI_ISL_417998
H125	EPI_ISL_417999
H125	EPI_ISL_418003
H56	EPI_ISL_413999
H56	EPI_ISL_414010
H56	EPI_ISL_414027
H56	EPI_ISL_414524
H56	EPI_ISL_414646
H56	EPI_ISL_416741
H56	EPI_ISL_417016
H56	EPI_ISL_417019
H56	EPI_ISL_417424
H56	EPI_ISL_417491
H56	EPI_ISL_417550
H56	EPI_ISL_417560
H56	EPI_ISL_417563
H56	EPI_ISL_417652
H56	EPI_ISL_417694
H56	EPI_ISL_417740
H56	EPI_ISL_417746
H56	EPI_ISL_417758
H56	EPI_ISL_417763
H56	EPI_ISL_417775
H56	EPI_ISL_417799
H56	EPI_ISL_417812
H56	EPI_ISL_417948
H56	EPI_ISL_417955
H56	EPI_ISL_417989
H177	EPI_ISL_417877
H53	EPI_ISL_413648
H53	EPI_ISL_417987
H53	EPI_ISL_417988
H53	EPI_ISL_417991
H53	EPI_ISL_417996
H53	EPI_ISL_418010
H53	EPI_ISL_418012
H163	EPI_ISL_417565
H163	EPI_ISL_417637
H163	EPI_ISL_417646
H163	EPI_ISL_417651
H163	EPI_ISL_417839
H58	EPI_ISL_414428
H124	EPI_ISL_416479
H44	EPI_ISL_413489
H44	EPI_ISL_413996
H44	EPI_ISL_414601
H44	EPI_ISL_414624
H44	EPI_ISL_416494
H44	EPI_ISL_417529
H44	EPI_ISL_417530
H44	EPI_ISL_417533
H44	EPI_ISL_417569
H44	EPI_ISL_417610
H44	EPI_ISL_417711
H44	EPI_ISL_417764
H44	EPI_ISL_417803
H44	EPI_ISL_417851
H112	EPI_ISL_416153
H85	EPI_ISL_415153
H85	EPI_ISL_416143
H93	EPI_ISL_415462
H93	EPI_ISL_415488
H93	EPI_ISL_415518
H93	EPI_ISL_415520
H93	EPI_ISL_417582
H93	EPI_ISL_417641
H97	EPI_ISL_415535
H97	EPI_ISL_417622
H97	EPI_ISL_417706
H97	EPI_ISL_417743
H97	EPI_ISL_417804
H97	EPI_ISL_417823
H97	EPI_ISL_417837
H49	EPI_ISL_413592
H49	EPI_ISL_416521
H49	EPI_ISL_416522
H49	EPI_ISL_416671
H49	EPI_ISL_416674
H49	EPI_ISL_416831
H49	EPI_ISL_417372
H49	EPI_ISL_417452
H49	EPI_ISL_417506
H49	EPI_ISL_417508
H49	EPI_ISL_417510
H49	EPI_ISL_417513
H49	EPI_ISL_417944
H49	EPI_ISL_418006
H141	EPI_ISL_417018
H137	EPI_ISL_416661
H137	EPI_ISL_417345
H137	EPI_ISL_417376
H137	EPI_ISL_417932
H137	EPI_ISL_417971
H137	EPI_ISL_418028
H137	EPI_ISL_418036
H137	EPI_ISL_418037
H137	EPI_ISL_418042
H137	EPI_ISL_418049
H137	EPI_ISL_418051
H137	EPI_ISL_418072
H78	EPI_ISL_414616
H78	EPI_ISL_415597
H78	EPI_ISL_415625
H78	EPI_ISL_416434
H78	EPI_ISL_416438
H78	EPI_ISL_416452
H78	EPI_ISL_416647
H78	EPI_ISL_416648
H78	EPI_ISL_416653
H78	EPI_ISL_416691
H78	EPI_ISL_416693
H78	EPI_ISL_416698
H78	EPI_ISL_416699
H78	EPI_ISL_416707
H78	EPI_ISL_416708
H78	EPI_ISL_416716
H78	EPI_ISL_416724
H78	EPI_ISL_416725
H78	EPI_ISL_416729
H78	EPI_ISL_417341
H78	EPI_ISL_417342
H78	EPI_ISL_417379
H78	EPI_ISL_417382
H78	EPI_ISL_417451
H78	EPI_ISL_417454
H78	EPI_ISL_417455
H78	EPI_ISL_417690
H78	EPI_ISL_418053
H78	EPI_ISL_418054
H78	EPI_ISL_418067
H78	EPI_ISL_418073
H78	EPI_ISL_418081
H111	EPI_ISL_416034
H106	EPI_ISL_415702
H47	EPI_ISL_413584
H47	EPI_ISL_413604
H47	EPI_ISL_413647
H47	EPI_ISL_414014
H47	EPI_ISL_414017
H47	EPI_ISL_414423
H47	EPI_ISL_414433
H47	EPI_ISL_414435
H47	EPI_ISL_414439
H47	EPI_ISL_414446
H47	EPI_ISL_414552
H47	EPI_ISL_414564
H47	EPI_ISL_414643
H47	EPI_ISL_415463
H47	EPI_ISL_415471
H47	EPI_ISL_415482
H47	EPI_ISL_415496
H47	EPI_ISL_415502
H47	EPI_ISL_415514
H47	EPI_ISL_415523
H47	EPI_ISL_415529
H47	EPI_ISL_415533
H47	EPI_ISL_416028
H47	EPI_ISL_416475
H47	EPI_ISL_416730
H47	EPI_ISL_416746
H47	EPI_ISL_417014
H47	EPI_ISL_417232
H47	EPI_ISL_417234
H47	EPI_ISL_417235
H47	EPI_ISL_417236
H47	EPI_ISL_417252
H47	EPI_ISL_417256
H47	EPI_ISL_417272
H47	EPI_ISL_417279
H47	EPI_ISL_417287
H47	EPI_ISL_417293
H47	EPI_ISL_417295
H47	EPI_ISL_417343
H47	EPI_ISL_417426
H47	EPI_ISL_417427
H47	EPI_ISL_417429
H47	EPI_ISL_417571
H47	EPI_ISL_417575
H47	EPI_ISL_417681
H47	EPI_ISL_417702
H47	EPI_ISL_417728
H47	EPI_ISL_417734
H47	EPI_ISL_417815
H47	EPI_ISL_417817
H47	EPI_ISL_417829
H47	EPI_ISL_417860
H47	EPI_ISL_417861
H47	EPI_ISL_417863
H47	EPI_ISL_417867
H47	EPI_ISL_417868
H47	EPI_ISL_417986
H70	EPI_ISL_414554
H70	EPI_ISL_414641
H70	EPI_ISL_415468
H70	EPI_ISL_415497
H70	EPI_ISL_415511
H70	EPI_ISL_415530
H68	EPI_ISL_414545
H68	EPI_ISL_414557
H68	EPI_ISL_414561
H68	EPI_ISL_414562
H69	EPI_ISL_414549
H174	EPI_ISL_417800
H94	EPI_ISL_415475
H175	EPI_ISL_417852
H164	EPI_ISL_417566
H164	EPI_ISL_417632
H164	EPI_ISL_417713
H164	EPI_ISL_417714
H164	EPI_ISL_417757
H164	EPI_ISL_417785
H164	EPI_ISL_417795
H164	EPI_ISL_417802
H164	EPI_ISL_417876
H59	EPI_ISL_414429
H59	EPI_ISL_415467
H59	EPI_ISL_415483
H59	EPI_ISL_415498
H59	EPI_ISL_417644
H59	EPI_ISL_417684
H59	EPI_ISL_417688
H59	EPI_ISL_417828
H59	EPI_ISL_417834
H59	EPI_ISL_417840
H59	EPI_ISL_417862
H123	EPI_ISL_416476
H88	EPI_ISL_415157
H121	EPI_ISL_416467
H122	EPI_ISL_416468
H89	EPI_ISL_415158
H89	EPI_ISL_416471
H86	EPI_ISL_415154
H86	EPI_ISL_416469
H87	EPI_ISL_415155
H30	EPI_ISL_412912
H30	EPI_ISL_412972
H30	EPI_ISL_413021
H30	EPI_ISL_413022
H30	EPI_ISL_413569
H30	EPI_ISL_413570
H30	EPI_ISL_413571
H30	EPI_ISL_413574
H30	EPI_ISL_413579
H30	EPI_ISL_413587
H30	EPI_ISL_414012
H30	EPI_ISL_414023
H30	EPI_ISL_414424
H30	EPI_ISL_414425
H30	EPI_ISL_414434
H30	EPI_ISL_414436
H30	EPI_ISL_414438
H30	EPI_ISL_414440
H30	EPI_ISL_414442
H30	EPI_ISL_414444
H30	EPI_ISL_414448
H30	EPI_ISL_414449
H30	EPI_ISL_414454
H30	EPI_ISL_414455
H30	EPI_ISL_414460
H30	EPI_ISL_414463
H30	EPI_ISL_414464
H30	EPI_ISL_414469
H30	EPI_ISL_414470
H30	EPI_ISL_414471
H30	EPI_ISL_414535
H30	EPI_ISL_414548
H30	EPI_ISL_414556
H30	EPI_ISL_414560
H30	EPI_ISL_414566
H30	EPI_ISL_414580
H30	EPI_ISL_414644
H30	EPI_ISL_415129
H30	EPI_ISL_415138
H30	EPI_ISL_415145
H30	EPI_ISL_415454
H30	EPI_ISL_415457
H30	EPI_ISL_415459
H30	EPI_ISL_415476
H30	EPI_ISL_415532
H30	EPI_ISL_415698
H30	EPI_ISL_415699
H30	EPI_ISL_415700
H30	EPI_ISL_415703
H30	EPI_ISL_415787
H30	EPI_ISL_416036
H30	EPI_ISL_416140
H30	EPI_ISL_416142
H30	EPI_ISL_416428
H30	EPI_ISL_416430
H30	EPI_ISL_416431
H30	EPI_ISL_416472
H30	EPI_ISL_416519
H30	EPI_ISL_416676
H30	EPI_ISL_416697
H30	EPI_ISL_416732
H30	EPI_ISL_416734
H30	EPI_ISL_416737
H30	EPI_ISL_416743
H30	EPI_ISL_416997
H30	EPI_ISL_417004
H30	EPI_ISL_417012
H30	EPI_ISL_417015
H30	EPI_ISL_417225
H30	EPI_ISL_417229
H30	EPI_ISL_417230
H30	EPI_ISL_417241
H30	EPI_ISL_417243
H30	EPI_ISL_417244
H30	EPI_ISL_417249
H30	EPI_ISL_417250
H30	EPI_ISL_417258
H30	EPI_ISL_417260
H30	EPI_ISL_417265
H30	EPI_ISL_417271
H30	EPI_ISL_417274
H30	EPI_ISL_417278
H30	EPI_ISL_417297
H30	EPI_ISL_417307
H30	EPI_ISL_417309
H30	EPI_ISL_417311
H30	EPI_ISL_417362
H30	EPI_ISL_417422
H30	EPI_ISL_417425
H30	EPI_ISL_417428
H30	EPI_ISL_417458
H30	EPI_ISL_417464
H30	EPI_ISL_417509
H30	EPI_ISL_417525
H30	EPI_ISL_417538
H30	EPI_ISL_417539
H30	EPI_ISL_417546
H30	EPI_ISL_417564
H30	EPI_ISL_417567
H30	EPI_ISL_417581
H30	EPI_ISL_417585
H30	EPI_ISL_417595
H30	EPI_ISL_417608
H30	EPI_ISL_417619
H30	EPI_ISL_417642
H30	EPI_ISL_417643
H30	EPI_ISL_417662
H30	EPI_ISL_417663
H30	EPI_ISL_417664
H30	EPI_ISL_417679
H30	EPI_ISL_417729
H30	EPI_ISL_417733
H30	EPI_ISL_417738
H30	EPI_ISL_417747
H30	EPI_ISL_417751
H30	EPI_ISL_417769
H30	EPI_ISL_417781
H30	EPI_ISL_417782
H30	EPI_ISL_417783
H30	EPI_ISL_417796
H30	EPI_ISL_417813
H30	EPI_ISL_417826
H30	EPI_ISL_417843
H30	EPI_ISL_417845
H30	EPI_ISL_417922
H30	EPI_ISL_417933
H30	EPI_ISL_417993
H30	EPI_ISL_417994
H30	EPI_ISL_418002
H30	EPI_ISL_418004
H30	EPI_ISL_418007
H30	EPI_ISL_418008
H30	EPI_ISL_418011
H30	EPI_ISL_418014
H30	EPI_ISL_418015
H30	EPI_ISL_418016
H30	EPI_ISL_418018
H30	EPI_ISL_418019
H30	EPI_ISL_418023
H30	EPI_ISL_418056
H30	EPI_ISL_418118
H30	EPI_ISL_418167
H30	EPI_ISL_418235
H37	EPI_ISL_413020
H37	EPI_ISL_416486
H37	EPI_ISL_417298
H37	EPI_ISL_417299
H37	EPI_ISL_417992
H37	EPI_ISL_417995
H37	EPI_ISL_418001
H37	EPI_ISL_418013
H146	EPI_ISL_417191
H38	EPI_ISL_413023
H38	EPI_ISL_415105
H38	EPI_ISL_415458
H38	EPI_ISL_416029
H38	EPI_ISL_416035
H38	EPI_ISL_417512
H38	EPI_ISL_417561
H142	EPI_ISL_417021
H142	EPI_ISL_417022
H142	EPI_ISL_417023
H39	EPI_ISL_413024
H39	EPI_ISL_413997
H39	EPI_ISL_414021
H39	EPI_ISL_414022
H39	EPI_ISL_415455
H39	EPI_ISL_415456
H39	EPI_ISL_415701
H39	EPI_ISL_416744
H39	EPI_ISL_417390
H39	EPI_ISL_417551
H158	EPI_ISL_417534
H82	EPI_ISL_414629
H82	EPI_ISL_415651
H82	EPI_ISL_415652
H82	EPI_ISL_415694
H82	EPI_ISL_415695
H82	EPI_ISL_415704
H82	EPI_ISL_415705
H82	EPI_ISL_415706
H82	EPI_ISL_415707
H82	EPI_ISL_416493
H82	EPI_ISL_416499
H82	EPI_ISL_416745
H82	EPI_ISL_416747
H82	EPI_ISL_416749
H82	EPI_ISL_416750
H82	EPI_ISL_416751
H82	EPI_ISL_416752
H82	EPI_ISL_416754
H82	EPI_ISL_416756
H82	EPI_ISL_416757
H82	EPI_ISL_417333
H82	EPI_ISL_417334
H82	EPI_ISL_417337
H82	EPI_ISL_417339
H82	EPI_ISL_417437
H82	EPI_ISL_417442
H82	EPI_ISL_417526
H82	EPI_ISL_417527
H82	EPI_ISL_417942
H82	EPI_ISL_417946
H82	EPI_ISL_417947
H82	EPI_ISL_418024
H82	EPI_ISL_418230
H82	EPI_ISL_418231
H82	EPI_ISL_418234
H82	EPI_ISL_418240
H170	EPI_ISL_417737
H170	EPI_ISL_417788
H170	EPI_ISL_417819
H181	EPI_ISL_418222
H178	EPI_ISL_417969
H57	EPI_ISL_414019
H57	EPI_ISL_414020
H57	EPI_ISL_416426
H57	EPI_ISL_416481
H57	EPI_ISL_416489
H57	EPI_ISL_417007
H57	EPI_ISL_417010
H57	EPI_ISL_417639
H57	EPI_ISL_417814
H57	EPI_ISL_417820
H57	EPI_ISL_417923
H57	EPI_ISL_417954
H57	EPI_ISL_417963
H57	EPI_ISL_417967
H57	EPI_ISL_417978
H57	EPI_ISL_418168
H57	EPI_ISL_418183
H167	EPI_ISL_417609
H167	EPI_ISL_417647
H171	EPI_ISL_417744
H180	EPI_ISL_418009
H173	EPI_ISL_417766
H173	EPI_ISL_417770
H173	EPI_ISL_417777
H173	EPI_ISL_417798
H159	EPI_ISL_417536
H159	EPI_ISL_417537
H159	EPI_ISL_417542
H159	EPI_ISL_417543
H159	EPI_ISL_417549
H159	EPI_ISL_417552
H159	EPI_ISL_417573
H159	EPI_ISL_417583
H159	EPI_ISL_417586
H159	EPI_ISL_417588
H159	EPI_ISL_417597
H159	EPI_ISL_417600
H159	EPI_ISL_417612
H159	EPI_ISL_417613
H159	EPI_ISL_417623
H159	EPI_ISL_417625
H159	EPI_ISL_417626
H159	EPI_ISL_417630
H159	EPI_ISL_417633
H159	EPI_ISL_417634
H159	EPI_ISL_417635
H159	EPI_ISL_417636
H159	EPI_ISL_417645
H159	EPI_ISL_417650
H159	EPI_ISL_417676
H159	EPI_ISL_417678
H159	EPI_ISL_417680
H159	EPI_ISL_417703
H159	EPI_ISL_417709
H159	EPI_ISL_417712
H159	EPI_ISL_417739
H159	EPI_ISL_417741
H159	EPI_ISL_417745
H159	EPI_ISL_417753
H159	EPI_ISL_417755
H159	EPI_ISL_417774
H159	EPI_ISL_417786
H159	EPI_ISL_417790
H159	EPI_ISL_417808
H159	EPI_ISL_417809
H159	EPI_ISL_417810
H159	EPI_ISL_417824
H159	EPI_ISL_417827
H159	EPI_ISL_417836
H55	EPI_ISL_413697
H55	EPI_ISL_413761
H55	EPI_ISL_413791
H55	EPI_ISL_416335
H55	EPI_ISL_416350
H114	EPI_ISL_416372
H179	EPI_ISL_417981
H75	EPI_ISL_414579
H75	EPI_ISL_414598
H75	EPI_ISL_414600
H75	EPI_ISL_414623
H75	EPI_ISL_415151
H75	EPI_ISL_415503
H75	EPI_ISL_415658
H75	EPI_ISL_415660
H75	EPI_ISL_415661
H75	EPI_ISL_416477
H75	EPI_ISL_416484
H75	EPI_ISL_416487
H75	EPI_ISL_416994
H75	EPI_ISL_417034
H75	EPI_ISL_417961
H75	EPI_ISL_418216
H84	EPI_ISL_414936
H84	EPI_ISL_414938
H84	EPI_ISL_414940
H84	EPI_ISL_414941
H2	EPI_ISL_402131
H138	EPI_ISL_416664
H5	EPI_ISL_404895
H5	EPI_ISL_407214
H5	EPI_ISL_407215
H5	EPI_ISL_408478
H5	EPI_ISL_408487
H5	EPI_ISL_411060
H5	EPI_ISL_413855
H5	EPI_ISL_413862
H5	EPI_ISL_416473
H5	EPI_ISL_416886
H100	EPI_ISL_415584
H100	EPI_ISL_415588
H136	EPI_ISL_416657
H43	EPI_ISL_413455
H43	EPI_ISL_413456
H43	EPI_ISL_413457
H43	EPI_ISL_413458
H43	EPI_ISL_413557
H43	EPI_ISL_413560
H43	EPI_ISL_413562
H43	EPI_ISL_413563
H43	EPI_ISL_413652
H43	EPI_ISL_413653
H43	EPI_ISL_413925
H43	EPI_ISL_413928
H43	EPI_ISL_413931
H43	EPI_ISL_414363
H43	EPI_ISL_414365
H43	EPI_ISL_414366
H43	EPI_ISL_414367
H43	EPI_ISL_414368
H43	EPI_ISL_414369
H43	EPI_ISL_414588
H43	EPI_ISL_414590
H43	EPI_ISL_414592
H43	EPI_ISL_414593
H43	EPI_ISL_414597
H43	EPI_ISL_414621
H43	EPI_ISL_415541
H43	EPI_ISL_415542
H43	EPI_ISL_415586
H43	EPI_ISL_415589
H43	EPI_ISL_415591
H43	EPI_ISL_415592
H43	EPI_ISL_415594
H43	EPI_ISL_415595
H43	EPI_ISL_415598
H43	EPI_ISL_415599
H43	EPI_ISL_415603
H43	EPI_ISL_415604
H43	EPI_ISL_415606
H43	EPI_ISL_415607
H43	EPI_ISL_415612
H43	EPI_ISL_415615
H43	EPI_ISL_415617
H43	EPI_ISL_415618
H43	EPI_ISL_415619
H43	EPI_ISL_415621
H43	EPI_ISL_415622
H43	EPI_ISL_415623
H43	EPI_ISL_415626
H43	EPI_ISL_415627
H43	EPI_ISL_416433
H43	EPI_ISL_416436
H43	EPI_ISL_416437
H43	EPI_ISL_416440
H43	EPI_ISL_416441
H43	EPI_ISL_416442
H43	EPI_ISL_416443
H43	EPI_ISL_416444
H43	EPI_ISL_416445
H43	EPI_ISL_416446
H43	EPI_ISL_416448
H43	EPI_ISL_416450
H43	EPI_ISL_416451
H43	EPI_ISL_416454
H43	EPI_ISL_416455
H43	EPI_ISL_416456
H43	EPI_ISL_416460
H43	EPI_ISL_416461
H43	EPI_ISL_416465
H43	EPI_ISL_416514
H43	EPI_ISL_416636
H43	EPI_ISL_416637
H43	EPI_ISL_416638
H43	EPI_ISL_416641
H43	EPI_ISL_416643
H43	EPI_ISL_416644
H43	EPI_ISL_416652
H43	EPI_ISL_416654
H43	EPI_ISL_416656
H43	EPI_ISL_416659
H43	EPI_ISL_416662
H43	EPI_ISL_416663
H43	EPI_ISL_416665
H43	EPI_ISL_416666
H43	EPI_ISL_416669
H43	EPI_ISL_416679
H43	EPI_ISL_416680
H43	EPI_ISL_416681
H43	EPI_ISL_416683
H43	EPI_ISL_416685
H43	EPI_ISL_416686
H43	EPI_ISL_416687
H43	EPI_ISL_416688
H43	EPI_ISL_416689
H43	EPI_ISL_416690
H43	EPI_ISL_416695
H43	EPI_ISL_416701
H43	EPI_ISL_416702
H43	EPI_ISL_416703
H43	EPI_ISL_416705
H43	EPI_ISL_416709
H43	EPI_ISL_416710
H43	EPI_ISL_416711
H43	EPI_ISL_416712
H43	EPI_ISL_416714
H43	EPI_ISL_416715
H43	EPI_ISL_416717
H43	EPI_ISL_416718
H43	EPI_ISL_416720
H43	EPI_ISL_416721
H43	EPI_ISL_416722
H43	EPI_ISL_416726
H43	EPI_ISL_416727
H43	EPI_ISL_417028
H43	EPI_ISL_417065
H43	EPI_ISL_417066
H43	EPI_ISL_417067
H43	EPI_ISL_417068
H43	EPI_ISL_417069
H43	EPI_ISL_417070
H43	EPI_ISL_417071
H43	EPI_ISL_417074
H43	EPI_ISL_417077
H43	EPI_ISL_417078
H43	EPI_ISL_417079
H43	EPI_ISL_417080
H43	EPI_ISL_417082
H43	EPI_ISL_417083
H43	EPI_ISL_417084
H43	EPI_ISL_417086
H43	EPI_ISL_417087
H43	EPI_ISL_417088
H43	EPI_ISL_417089
H43	EPI_ISL_417090
H43	EPI_ISL_417091
H43	EPI_ISL_417092
H43	EPI_ISL_417093
H43	EPI_ISL_417094
H43	EPI_ISL_417096
H43	EPI_ISL_417097
H43	EPI_ISL_417098
H43	EPI_ISL_417099
H43	EPI_ISL_417102
H43	EPI_ISL_417103
H43	EPI_ISL_417104
H43	EPI_ISL_417105
H43	EPI_ISL_417106
H43	EPI_ISL_417107
H43	EPI_ISL_417108
H43	EPI_ISL_417109
H43	EPI_ISL_417110
H43	EPI_ISL_417112
H43	EPI_ISL_417114
H43	EPI_ISL_417115
H43	EPI_ISL_417116
H43	EPI_ISL_417117
H43	EPI_ISL_417118
H43	EPI_ISL_417119
H43	EPI_ISL_417120
H43	EPI_ISL_417121
H43	EPI_ISL_417122
H43	EPI_ISL_417123
H43	EPI_ISL_417124
H43	EPI_ISL_417125
H43	EPI_ISL_417127
H43	EPI_ISL_417128
H43	EPI_ISL_417129
H43	EPI_ISL_417130
H43	EPI_ISL_417131
H43	EPI_ISL_417132
H43	EPI_ISL_417133
H43	EPI_ISL_417134
H43	EPI_ISL_417135
H43	EPI_ISL_417136
H43	EPI_ISL_417137
H43	EPI_ISL_417138
H43	EPI_ISL_417140
H43	EPI_ISL_417141
H43	EPI_ISL_417142
H43	EPI_ISL_417143
H43	EPI_ISL_417144
H43	EPI_ISL_417145
H43	EPI_ISL_417146
H43	EPI_ISL_417148
H43	EPI_ISL_417149
H43	EPI_ISL_417150
H43	EPI_ISL_417151
H43	EPI_ISL_417152
H43	EPI_ISL_417153
H43	EPI_ISL_417154
H43	EPI_ISL_417155
H43	EPI_ISL_417156
H43	EPI_ISL_417157
H43	EPI_ISL_417158
H43	EPI_ISL_417161
H43	EPI_ISL_417162
H43	EPI_ISL_417164
H43	EPI_ISL_417165
H43	EPI_ISL_417166
H43	EPI_ISL_417167
H43	EPI_ISL_417168
H43	EPI_ISL_417169
H43	EPI_ISL_417170
H43	EPI_ISL_417171
H43	EPI_ISL_417172
H43	EPI_ISL_417174
H43	EPI_ISL_417175
H43	EPI_ISL_417203
H43	EPI_ISL_417324
H43	EPI_ISL_417332
H43	EPI_ISL_417344
H43	EPI_ISL_417349
H43	EPI_ISL_417350
H43	EPI_ISL_417351
H43	EPI_ISL_417354
H43	EPI_ISL_417355
H43	EPI_ISL_417357
H43	EPI_ISL_417358
H43	EPI_ISL_417360
H43	EPI_ISL_417361
H43	EPI_ISL_417364
H43	EPI_ISL_417365
H43	EPI_ISL_417366
H43	EPI_ISL_417368
H43	EPI_ISL_417371
H43	EPI_ISL_417377
H43	EPI_ISL_417449
H43	EPI_ISL_417450
H43	EPI_ISL_417456
H43	EPI_ISL_417507
H43	EPI_ISL_417960
H43	EPI_ISL_417962
H43	EPI_ISL_417964
H43	EPI_ISL_417965
H43	EPI_ISL_417966
H43	EPI_ISL_417968
H43	EPI_ISL_418030
H43	EPI_ISL_418034
H43	EPI_ISL_418038
H43	EPI_ISL_418040
H43	EPI_ISL_418046
H43	EPI_ISL_418047
H43	EPI_ISL_418050
H43	EPI_ISL_418059
H43	EPI_ISL_418061
H43	EPI_ISL_418064
H43	EPI_ISL_418066
H43	EPI_ISL_418069
H43	EPI_ISL_418070
H43	EPI_ISL_418082
H43	EPI_ISL_418187
H43	EPI_ISL_418189
H149	EPI_ISL_417348
H54	EPI_ISL_413650
H54	EPI_ISL_413651
H54	EPI_ISL_414618
H54	EPI_ISL_415596
H54	EPI_ISL_415605
H54	EPI_ISL_417072
H54	EPI_ISL_417073
H54	EPI_ISL_417075
H54	EPI_ISL_417076
H54	EPI_ISL_417111
H54	EPI_ISL_417139
H54	EPI_ISL_417159
H54	EPI_ISL_417160
H54	EPI_ISL_418029
H54	EPI_ISL_418071
H140	EPI_ISL_416728
H120	EPI_ISL_416466
H120	EPI_ISL_416667
H120	EPI_ISL_416677
H120	EPI_ISL_417163
H120	EPI_ISL_417374
H120	EPI_ISL_417480
H120	EPI_ISL_417503
H102	EPI_ISL_415611
H102	EPI_ISL_415620
H102	EPI_ISL_416635
H102	EPI_ISL_416649
H102	EPI_ISL_416668
H102	EPI_ISL_416682
H102	EPI_ISL_416694
H102	EPI_ISL_416713
H102	EPI_ISL_417356
H102	EPI_ISL_417370
H102	EPI_ISL_417381
H102	EPI_ISL_417453
H119	EPI_ISL_416447
H119	EPI_ISL_417081
H119	EPI_ISL_417085
H119	EPI_ISL_418077
H150	EPI_ISL_417353
H150	EPI_ISL_417380
H151	EPI_ISL_417363
H139	EPI_ISL_416700
H79	EPI_ISL_414617
H77	EPI_ISL_414595
H77	EPI_ISL_415602
H77	EPI_ISL_416439
H77	EPI_ISL_416453
H77	EPI_ISL_417448
H33	EPI_ISL_412970
H33	EPI_ISL_413486
H33	EPI_ISL_415600
H33	EPI_ISL_416435
H33	EPI_ISL_416462
H33	EPI_ISL_417095
H33	EPI_ISL_417100
H33	EPI_ISL_417101
H33	EPI_ISL_417347
H144	EPI_ISL_417126
H144	EPI_ISL_417367
H117	EPI_ISL_416413
H117	EPI_ISL_417031
H117	EPI_ISL_417504
H117	EPI_ISL_417587
H117	EPI_ISL_418062
H168	EPI_ISL_417618
H168	EPI_ISL_417720
H165	EPI_ISL_417577
H165	EPI_ISL_417615
H165	EPI_ISL_417717
H165	EPI_ISL_417724
H165	EPI_ISL_417762
H165	EPI_ISL_417789
H165	EPI_ISL_417791
H165	EPI_ISL_417818
H176	EPI_ISL_417871
H152	EPI_ISL_417369
H101	EPI_ISL_415608
H101	EPI_ISL_415609
H101	EPI_ISL_415624
H101	EPI_ISL_416650
H101	EPI_ISL_416651
H101	EPI_ISL_416684
H101	EPI_ISL_417378
H145	EPI_ISL_417147
H11	EPI_ISL_406535
H11	EPI_ISL_406536
H11	EPI_ISL_408670
H11	EPI_ISL_410719
H11	EPI_ISL_411066
H11	EPI_ISL_412967
H11	EPI_ISL_413522
H11	EPI_ISL_416324
H11	EPI_ISL_416398
H3	EPI_ISL_403932
H3	EPI_ISL_403933
H3	EPI_ISL_403935
H3	EPI_ISL_405839
H3	EPI_ISL_406030
H3	EPI_ISL_406593
H3	EPI_ISL_408665
H3	EPI_ISL_408666
H3	EPI_ISL_408667
H3	EPI_ISL_411956
H3	EPI_ISL_413809
H3	EPI_ISL_414521
H3	EPI_ISL_414688
H3	EPI_ISL_416318
H3	EPI_ISL_416319
H3	EPI_ISL_416366
H3	EPI_ISL_416377
H3	EPI_ISL_417030
H12	EPI_ISL_406592
H1	EPI_ISL_402119
H1	EPI_ISL_402120
H1	EPI_ISL_402121
H1	EPI_ISL_402123
H1	EPI_ISL_402124
H1	EPI_ISL_402125
H1	EPI_ISL_402127
H1	EPI_ISL_402128
H1	EPI_ISL_402129
H1	EPI_ISL_402130
H1	EPI_ISL_402132
H1	EPI_ISL_403928
H1	EPI_ISL_403929
H1	EPI_ISL_403930
H1	EPI_ISL_403931
H1	EPI_ISL_403934
H1	EPI_ISL_403962
H1	EPI_ISL_403963
H1	EPI_ISL_404227
H1	EPI_ISL_404228
H1	EPI_ISL_404253
H1	EPI_ISL_406538
H1	EPI_ISL_406595
H1	EPI_ISL_406716
H1	EPI_ISL_406717
H1	EPI_ISL_406798
H1	EPI_ISL_406800
H1	EPI_ISL_406970
H1	EPI_ISL_406973
H1	EPI_ISL_407079
H1	EPI_ISL_407084
H1	EPI_ISL_407313
H1	EPI_ISL_408431
H1	EPI_ISL_408479
H1	EPI_ISL_408486
H1	EPI_ISL_408488
H1	EPI_ISL_408514
H1	EPI_ISL_408515
H1	EPI_ISL_410044
H1	EPI_ISL_410218
H1	EPI_ISL_410486
H1	EPI_ISL_410531
H1	EPI_ISL_410532
H1	EPI_ISL_411902
H1	EPI_ISL_411915
H1	EPI_ISL_411927
H1	EPI_ISL_411950
H1	EPI_ISL_411953
H1	EPI_ISL_411955
H1	EPI_ISL_412026
H1	EPI_ISL_412459
H1	EPI_ISL_412862
H1	EPI_ISL_412872
H1	EPI_ISL_412898
H1	EPI_ISL_412899
H1	EPI_ISL_413558
H1	EPI_ISL_413559
H1	EPI_ISL_413561
H1	EPI_ISL_413564
H1	EPI_ISL_413568
H1	EPI_ISL_413580
H1	EPI_ISL_413581
H1	EPI_ISL_413582
H1	EPI_ISL_413590
H1	EPI_ISL_413606
H1	EPI_ISL_413608
H1	EPI_ISL_413610
H1	EPI_ISL_413613
H1	EPI_ISL_413614
H1	EPI_ISL_413615
H1	EPI_ISL_413616
H1	EPI_ISL_413618
H1	EPI_ISL_413619
H1	EPI_ISL_413620
H1	EPI_ISL_413621
H1	EPI_ISL_413622
H1	EPI_ISL_413623
H1	EPI_ISL_413692
H1	EPI_ISL_413693
H1	EPI_ISL_413694
H1	EPI_ISL_413753
H1	EPI_ISL_413851
H1	EPI_ISL_413852
H1	EPI_ISL_413857
H1	EPI_ISL_413861
H1	EPI_ISL_413866
H1	EPI_ISL_414040
H1	EPI_ISL_414041
H1	EPI_ISL_414042
H1	EPI_ISL_414043
H1	EPI_ISL_414044
H1	EPI_ISL_414426
H1	EPI_ISL_414432
H1	EPI_ISL_414458
H1	EPI_ISL_414462
H1	EPI_ISL_414467
H1	EPI_ISL_414479
H1	EPI_ISL_414481
H1	EPI_ISL_414487
H1	EPI_ISL_414498
H1	EPI_ISL_414508
H1	EPI_ISL_414510
H1	EPI_ISL_414541
H1	EPI_ISL_414542
H1	EPI_ISL_414553
H1	EPI_ISL_414687
H1	EPI_ISL_414692
H1	EPI_ISL_415148
H1	EPI_ISL_415493
H1	EPI_ISL_415494
H1	EPI_ISL_415516
H1	EPI_ISL_415522
H1	EPI_ISL_415583
H1	EPI_ISL_415711
H1	EPI_ISL_416044
H1	EPI_ISL_416046
H1	EPI_ISL_416047
H1	EPI_ISL_416320
H1	EPI_ISL_416329
H1	EPI_ISL_416336
H1	EPI_ISL_416337
H1	EPI_ISL_416340
H1	EPI_ISL_416345
H1	EPI_ISL_416347
H1	EPI_ISL_416348
H1	EPI_ISL_416353
H1	EPI_ISL_416355
H1	EPI_ISL_416358
H1	EPI_ISL_416359
H1	EPI_ISL_416362
H1	EPI_ISL_416367
H1	EPI_ISL_416369
H1	EPI_ISL_416370
H1	EPI_ISL_416374
H1	EPI_ISL_416375
H1	EPI_ISL_416376
H1	EPI_ISL_416379
H1	EPI_ISL_416380
H1	EPI_ISL_416384
H1	EPI_ISL_416385
H1	EPI_ISL_416390
H1	EPI_ISL_416393
H1	EPI_ISL_416394
H1	EPI_ISL_416399
H1	EPI_ISL_416401
H1	EPI_ISL_416404
H1	EPI_ISL_416405
H1	EPI_ISL_416425
H1	EPI_ISL_416474
H1	EPI_ISL_416738
H1	EPI_ISL_416907
H1	EPI_ISL_417064
H1	EPI_ISL_417178
H1	EPI_ISL_417218
H1	EPI_ISL_417253
H1	EPI_ISL_417259
H1	EPI_ISL_417263
H1	EPI_ISL_417276
H1	EPI_ISL_417285
H1	EPI_ISL_417288
H1	EPI_ISL_417296
H1	EPI_ISL_417306
H1	EPI_ISL_417312
H1	EPI_ISL_417313
H1	EPI_ISL_417318
H1	EPI_ISL_417320
H1	EPI_ISL_417335
H1	EPI_ISL_417553
H1	EPI_ISL_417576
H1	EPI_ISL_417591
H1	EPI_ISL_417602
H1	EPI_ISL_417792
H1	EPI_ISL_418085
H1	EPI_ISL_418103
H1	EPI_ISL_418127
H1	EPI_ISL_418137
H1	EPI_ISL_418143
H1	EPI_ISL_418150
H1	EPI_ISL_418157
H1	EPI_ISL_418162
H74	EPI_ISL_414563
H50	EPI_ISL_413607
H50	EPI_ISL_417616
H133	EPI_ISL_416615
H20	EPI_ISL_408480
H20	EPI_ISL_416392
H29	EPI_ISL_412873
H8	EPI_ISL_406223
H4	EPI_ISL_403936
H4	EPI_ISL_403937
H4	EPI_ISL_406531
H4	EPI_ISL_408010
H4	EPI_ISL_411952
H4	EPI_ISL_416321
H46	EPI_ISL_413573
H46	EPI_ISL_413577
H46	EPI_ISL_413583
H46	EPI_ISL_414452
H46	EPI_ISL_414500
H46	EPI_ISL_414543
H46	EPI_ISL_414551
H46	EPI_ISL_415479
H46	EPI_ISL_415489
H46	EPI_ISL_415505
H46	EPI_ISL_415507
H46	EPI_ISL_415510
H46	EPI_ISL_415517
H46	EPI_ISL_415519
H46	EPI_ISL_416740
H46	EPI_ISL_417211
H46	EPI_ISL_417264
H46	EPI_ISL_417283
H46	EPI_ISL_418026
H67	EPI_ISL_414537
H67	EPI_ISL_414539
H76	EPI_ISL_414589
H76	EPI_ISL_415500
H76	EPI_ISL_415501
H76	EPI_ISL_415506
H76	EPI_ISL_415508
H76	EPI_ISL_415509
H76	EPI_ISL_415524
H76	EPI_ISL_417880
H66	EPI_ISL_414536
H66	EPI_ISL_414544
H66	EPI_ISL_415521
H63	EPI_ISL_414497
H63	EPI_ISL_414499
H63	EPI_ISL_414505
H63	EPI_ISL_414509
H63	EPI_ISL_415464
H63	EPI_ISL_415495
H63	EPI_ISL_415531
H63	EPI_ISL_416033
H63	EPI_ISL_416488
H63	EPI_ISL_417459
H63	EPI_ISL_417461
H63	EPI_ISL_417462
H63	EPI_ISL_417759
H63	EPI_ISL_417793
H63	EPI_ISL_417958
H63	EPI_ISL_418117
H105	EPI_ISL_415657
H105	EPI_ISL_415920
H105	EPI_ISL_418110
H105	EPI_ISL_418136
H105	EPI_ISL_418144
H105	EPI_ISL_418145
H105	EPI_ISL_418147
H105	EPI_ISL_418151
H105	EPI_ISL_418155
H105	EPI_ISL_418156
H105	EPI_ISL_418158
H105	EPI_ISL_418159
H105	EPI_ISL_418163
H115	EPI_ISL_416389
H10	EPI_ISL_406534
H10	EPI_ISL_406594
H10	EPI_ISL_408008
H10	EPI_ISL_408009
H10	EPI_ISL_413014
H10	EPI_ISL_413015
H10	EPI_ISL_416365
H18	EPI_ISL_407987
H18	EPI_ISL_410537
H18	EPI_ISL_416829
H18	EPI_ISL_416866
H18	EPI_ISL_416884
H83	EPI_ISL_414663
H98	EPI_ISL_415539
H99	EPI_ISL_415540
H52	EPI_ISL_413611
H52	EPI_ISL_413612
H52	EPI_ISL_416397
H19	EPI_ISL_407988
H19	EPI_ISL_408430
H19	EPI_ISL_408481
H19	EPI_ISL_410984
H19	EPI_ISL_411218
H19	EPI_ISL_412030
H19	EPI_ISL_412968
H19	EPI_ISL_413850
H19	EPI_ISL_414483
H19	EPI_ISL_414484
H19	EPI_ISL_414485
H19	EPI_ISL_414571
H19	EPI_ISL_415578
H19	EPI_ISL_415579
H19	EPI_ISL_415585
H19	EPI_ISL_415587
H19	EPI_ISL_416342
H19	EPI_ISL_416351
H19	EPI_ISL_416354
H19	EPI_ISL_416566
H19	EPI_ISL_416567
H19	EPI_ISL_416568
H19	EPI_ISL_416569
H19	EPI_ISL_416571
H19	EPI_ISL_416572
H19	EPI_ISL_416573
H19	EPI_ISL_416574
H19	EPI_ISL_416575
H19	EPI_ISL_416576
H19	EPI_ISL_416577
H19	EPI_ISL_416578
H19	EPI_ISL_416579
H19	EPI_ISL_416580
H19	EPI_ISL_416581
H19	EPI_ISL_416583
H19	EPI_ISL_416584
H19	EPI_ISL_416586
H19	EPI_ISL_416589
H19	EPI_ISL_416590
H19	EPI_ISL_416591
H19	EPI_ISL_416592
H19	EPI_ISL_416593
H19	EPI_ISL_416594
H19	EPI_ISL_416595
H19	EPI_ISL_416596
H19	EPI_ISL_416597
H19	EPI_ISL_416599
H19	EPI_ISL_416600
H19	EPI_ISL_416601
H19	EPI_ISL_416602
H19	EPI_ISL_416605
H19	EPI_ISL_416606
H19	EPI_ISL_416607
H19	EPI_ISL_416608
H19	EPI_ISL_416609
H19	EPI_ISL_416611
H19	EPI_ISL_416612
H19	EPI_ISL_416614
H19	EPI_ISL_416616
H19	EPI_ISL_416617
H19	EPI_ISL_416620
H19	EPI_ISL_416621
H19	EPI_ISL_416622
H19	EPI_ISL_416626
H19	EPI_ISL_416627
H19	EPI_ISL_416628
H19	EPI_ISL_416629
H19	EPI_ISL_416630
H19	EPI_ISL_416631
H19	EPI_ISL_416632
H19	EPI_ISL_416633
H19	EPI_ISL_416634
H19	EPI_ISL_417920
H131	EPI_ISL_416585
H118	EPI_ISL_416432
H118	EPI_ISL_416706
H118	EPI_ISL_417033
H118	EPI_ISL_417388
H118	EPI_ISL_417917
H118	EPI_ISL_417918
H108	EPI_ISL_415742
H107	EPI_ISL_415741
H107	EPI_ISL_415743
H107	EPI_ISL_417519
H107	EPI_ISL_417520
H107	EPI_ISL_417521
H21	EPI_ISL_408482
H21	EPI_ISL_412975
H21	EPI_ISL_412981
H21	EPI_ISL_413490
H21	EPI_ISL_414008
H21	EPI_ISL_414476
H21	EPI_ISL_414520
H21	EPI_ISL_414522
H21	EPI_ISL_414591
H21	EPI_ISL_415581
H21	EPI_ISL_416373
H21	EPI_ISL_416382
H21	EPI_ISL_416542
H21	EPI_ISL_417384
H21	EPI_ISL_417385
H21	EPI_ISL_417523
H21	EPI_ISL_417524
H116	EPI_ISL_416406
H116	EPI_ISL_416407
H42	EPI_ISL_413214
H42	EPI_ISL_414414
H42	EPI_ISL_417386
H153	EPI_ISL_417383
H153	EPI_ISL_417389
H153	EPI_ISL_417391
H153	EPI_ISL_417392
H156	EPI_ISL_417444
H41	EPI_ISL_413213
H41	EPI_ISL_415644
H41	EPI_ISL_416412
H41	EPI_ISL_416458
H41	EPI_ISL_416541
H41	EPI_ISL_416543
H41	EPI_ISL_417387
H41	EPI_ISL_417484
H113	EPI_ISL_416331
H113	EPI_ISL_416332
H72	EPI_ISL_414558
H154	EPI_ISL_417413
H32	EPI_ISL_412969
H32	EPI_ISL_413459
H32	EPI_ISL_416582
H32	EPI_ISL_416587
H32	EPI_ISL_416598
H32	EPI_ISL_416610
H130	EPI_ISL_416565
H130	EPI_ISL_416603
H130	EPI_ISL_416613
H130	EPI_ISL_416624
H134	EPI_ISL_416625
H132	EPI_ISL_416604
H51	EPI_ISL_413609
H51	EPI_ISL_413617
H62	EPI_ISL_414482
H62	EPI_ISL_416570
H61	EPI_ISL_414480
H9	EPI_ISL_406533
H9	EPI_ISL_408669
H9	EPI_ISL_412966
H9	EPI_ISL_413864
H9	EPI_ISL_414511
H9	EPI_ISL_416361
H9	EPI_ISL_416363
H9	EPI_ISL_416387
H109	EPI_ISL_416024
H109	EPI_ISL_416739
H109	EPI_ISL_417239
H109	EPI_ISL_417286
H109	EPI_ISL_417604
H109	EPI_ISL_417627
H109	EPI_ISL_417628
H109	EPI_ISL_417649
H109	EPI_ISL_417666
H109	EPI_ISL_417667
H109	EPI_ISL_418000
H25	EPI_ISL_411957
H25	EPI_ISL_414684
H25	EPI_ISL_414685
H25	EPI_ISL_414686
H23	EPI_ISL_410301
H22	EPI_ISL_409067
