H156	EPI_ISL_417021
H156	EPI_ISL_417022
H156	EPI_ISL_417023
H41	EPI_ISL_413023
H41	EPI_ISL_415105
H41	EPI_ISL_415458
H41	EPI_ISL_416029
H41	EPI_ISL_416035
H41	EPI_ISL_417404
H41	EPI_ISL_417512
H41	EPI_ISL_417561
H41	EPI_ISL_418043
H33	EPI_ISL_412912
H33	EPI_ISL_412972
H33	EPI_ISL_413021
H33	EPI_ISL_413022
H33	EPI_ISL_413221
H33	EPI_ISL_413550
H33	EPI_ISL_413556
H33	EPI_ISL_413565
H33	EPI_ISL_413569
H33	EPI_ISL_413570
H33	EPI_ISL_413571
H33	EPI_ISL_413574
H33	EPI_ISL_413579
H33	EPI_ISL_413587
H33	EPI_ISL_414012
H33	EPI_ISL_414023
H33	EPI_ISL_414424
H33	EPI_ISL_414425
H33	EPI_ISL_414434
H33	EPI_ISL_414436
H33	EPI_ISL_414438
H33	EPI_ISL_414440
H33	EPI_ISL_414442
H33	EPI_ISL_414444
H33	EPI_ISL_414448
H33	EPI_ISL_414449
H33	EPI_ISL_414454
H33	EPI_ISL_414455
H33	EPI_ISL_414460
H33	EPI_ISL_414463
H33	EPI_ISL_414464
H33	EPI_ISL_414466
H33	EPI_ISL_414469
H33	EPI_ISL_414470
H33	EPI_ISL_414471
H33	EPI_ISL_414486
H33	EPI_ISL_414488
H33	EPI_ISL_414507
H33	EPI_ISL_414535
H33	EPI_ISL_414548
H33	EPI_ISL_414556
H33	EPI_ISL_414560
H33	EPI_ISL_414566
H33	EPI_ISL_414580
H33	EPI_ISL_414584
H33	EPI_ISL_414644
H33	EPI_ISL_415041
H33	EPI_ISL_415129
H33	EPI_ISL_415138
H33	EPI_ISL_415145
H33	EPI_ISL_415454
H33	EPI_ISL_415457
H33	EPI_ISL_415459
H33	EPI_ISL_415476
H33	EPI_ISL_415532
H33	EPI_ISL_415632
H33	EPI_ISL_415633
H33	EPI_ISL_415634
H33	EPI_ISL_415635
H33	EPI_ISL_415636
H33	EPI_ISL_415656
H33	EPI_ISL_415698
H33	EPI_ISL_415699
H33	EPI_ISL_415700
H33	EPI_ISL_415703
H33	EPI_ISL_415787
H33	EPI_ISL_415916
H33	EPI_ISL_415977
H33	EPI_ISL_415991
H33	EPI_ISL_416036
H33	EPI_ISL_416140
H33	EPI_ISL_416142
H33	EPI_ISL_416428
H33	EPI_ISL_416430
H33	EPI_ISL_416431
H33	EPI_ISL_416472
H33	EPI_ISL_416519
H33	EPI_ISL_416520
H33	EPI_ISL_416676
H33	EPI_ISL_416697
H33	EPI_ISL_416732
H33	EPI_ISL_416734
H33	EPI_ISL_416736
H33	EPI_ISL_416737
H33	EPI_ISL_416743
H33	EPI_ISL_416997
H33	EPI_ISL_417004
H33	EPI_ISL_417012
H33	EPI_ISL_417015
H33	EPI_ISL_417196
H33	EPI_ISL_417225
H33	EPI_ISL_417229
H33	EPI_ISL_417230
H33	EPI_ISL_417241
H33	EPI_ISL_417242
H33	EPI_ISL_417243
H33	EPI_ISL_417244
H33	EPI_ISL_417249
H33	EPI_ISL_417250
H33	EPI_ISL_417258
H33	EPI_ISL_417260
H33	EPI_ISL_417265
H33	EPI_ISL_417271
H33	EPI_ISL_417273
H33	EPI_ISL_417274
H33	EPI_ISL_417278
H33	EPI_ISL_417294
H33	EPI_ISL_417297
H33	EPI_ISL_417307
H33	EPI_ISL_417308
H33	EPI_ISL_417309
H33	EPI_ISL_417311
H33	EPI_ISL_417362
H33	EPI_ISL_417407
H33	EPI_ISL_417422
H33	EPI_ISL_417425
H33	EPI_ISL_417428
H33	EPI_ISL_417458
H33	EPI_ISL_417464
H33	EPI_ISL_417509
H33	EPI_ISL_417525
H33	EPI_ISL_417538
H33	EPI_ISL_417539
H33	EPI_ISL_417546
H33	EPI_ISL_417547
H33	EPI_ISL_417564
H33	EPI_ISL_417567
H33	EPI_ISL_417581
H33	EPI_ISL_417585
H33	EPI_ISL_417595
H33	EPI_ISL_417608
H33	EPI_ISL_417619
H33	EPI_ISL_417642
H33	EPI_ISL_417643
H33	EPI_ISL_417662
H33	EPI_ISL_417663
H33	EPI_ISL_417664
H33	EPI_ISL_417674
H33	EPI_ISL_417679
H33	EPI_ISL_417697
H33	EPI_ISL_417718
H33	EPI_ISL_417729
H33	EPI_ISL_417733
H33	EPI_ISL_417738
H33	EPI_ISL_417747
H33	EPI_ISL_417751
H33	EPI_ISL_417768
H33	EPI_ISL_417769
H33	EPI_ISL_417776
H33	EPI_ISL_417781
H33	EPI_ISL_417782
H33	EPI_ISL_417783
H33	EPI_ISL_417796
H33	EPI_ISL_417807
H33	EPI_ISL_417811
H33	EPI_ISL_417813
H33	EPI_ISL_417826
H33	EPI_ISL_417843
H33	EPI_ISL_417845
H33	EPI_ISL_417870
H33	EPI_ISL_417922
H33	EPI_ISL_417933
H33	EPI_ISL_417993
H33	EPI_ISL_418002
H33	EPI_ISL_418004
H33	EPI_ISL_418007
H33	EPI_ISL_418008
H33	EPI_ISL_418018
H33	EPI_ISL_418019
H33	EPI_ISL_418023
H33	EPI_ISL_418056
H33	EPI_ISL_418086
H33	EPI_ISL_418087
H33	EPI_ISL_418088
H33	EPI_ISL_418089
H33	EPI_ISL_418090
H33	EPI_ISL_418091
H33	EPI_ISL_418093
H33	EPI_ISL_418094
H33	EPI_ISL_418096
H33	EPI_ISL_418114
H33	EPI_ISL_418118
H33	EPI_ISL_418167
H34	EPI_ISL_412964
H34	EPI_ISL_412971
H34	EPI_ISL_412973
H34	EPI_ISL_413555
H34	EPI_ISL_413566
H34	EPI_ISL_413575
H34	EPI_ISL_413591
H34	EPI_ISL_413602
H34	EPI_ISL_414015
H34	EPI_ISL_414016
H34	EPI_ISL_414025
H34	EPI_ISL_414045
H34	EPI_ISL_414437
H34	EPI_ISL_414441
H34	EPI_ISL_414443
H34	EPI_ISL_414445
H34	EPI_ISL_414450
H34	EPI_ISL_414453
H34	EPI_ISL_414456
H34	EPI_ISL_414457
H34	EPI_ISL_414465
H34	EPI_ISL_414477
H34	EPI_ISL_414495
H34	EPI_ISL_414525
H34	EPI_ISL_414530
H34	EPI_ISL_414585
H34	EPI_ISL_414586
H34	EPI_ISL_414587
H34	EPI_ISL_414594
H34	EPI_ISL_414631
H34	EPI_ISL_414648
H34	EPI_ISL_414949
H34	EPI_ISL_415131
H34	EPI_ISL_415133
H34	EPI_ISL_415135
H34	EPI_ISL_415136
H34	EPI_ISL_415140
H34	EPI_ISL_415146
H34	EPI_ISL_415147
H34	EPI_ISL_415150
H34	EPI_ISL_415152
H34	EPI_ISL_415156
H34	EPI_ISL_415435
H34	EPI_ISL_415453
H34	EPI_ISL_415472
H34	EPI_ISL_415473
H34	EPI_ISL_415474
H34	EPI_ISL_415480
H34	EPI_ISL_415485
H34	EPI_ISL_415499
H34	EPI_ISL_415536
H34	EPI_ISL_415601
H34	EPI_ISL_415629
H34	EPI_ISL_415637
H34	EPI_ISL_415639
H34	EPI_ISL_415642
H34	EPI_ISL_415647
H34	EPI_ISL_415653
H34	EPI_ISL_415655
H34	EPI_ISL_415696
H34	EPI_ISL_415708
H34	EPI_ISL_415978
H34	EPI_ISL_416026
H34	EPI_ISL_416031
H34	EPI_ISL_416141
H34	EPI_ISL_416144
H34	EPI_ISL_416420
H34	EPI_ISL_416470
H34	EPI_ISL_416524
H34	EPI_ISL_416525
H34	EPI_ISL_416658
H34	EPI_ISL_416673
H34	EPI_ISL_416735
H34	EPI_ISL_416742
H34	EPI_ISL_416832
H34	EPI_ISL_417013
H34	EPI_ISL_417024
H34	EPI_ISL_417026
H34	EPI_ISL_417027
H34	EPI_ISL_417032
H34	EPI_ISL_417186
H34	EPI_ISL_417198
H34	EPI_ISL_417202
H34	EPI_ISL_417214
H34	EPI_ISL_417220
H34	EPI_ISL_417221
H34	EPI_ISL_417222
H34	EPI_ISL_417223
H34	EPI_ISL_417224
H34	EPI_ISL_417227
H34	EPI_ISL_417228
H34	EPI_ISL_417237
H34	EPI_ISL_417245
H34	EPI_ISL_417247
H34	EPI_ISL_417251
H34	EPI_ISL_417257
H34	EPI_ISL_417266
H34	EPI_ISL_417304
H34	EPI_ISL_417310
H34	EPI_ISL_417397
H34	EPI_ISL_417418
H34	EPI_ISL_417419
H34	EPI_ISL_417421
H34	EPI_ISL_417423
H34	EPI_ISL_417430
H34	EPI_ISL_417434
H34	EPI_ISL_417441
H34	EPI_ISL_417445
H34	EPI_ISL_417446
H34	EPI_ISL_417447
H34	EPI_ISL_417470
H34	EPI_ISL_417472
H34	EPI_ISL_417473
H34	EPI_ISL_417479
H34	EPI_ISL_417481
H34	EPI_ISL_417493
H34	EPI_ISL_417495
H34	EPI_ISL_417496
H34	EPI_ISL_417502
H34	EPI_ISL_417515
H34	EPI_ISL_417535
H34	EPI_ISL_417572
H34	EPI_ISL_417592
H34	EPI_ISL_417638
H34	EPI_ISL_417691
H34	EPI_ISL_417708
H34	EPI_ISL_417727
H34	EPI_ISL_417730
H34	EPI_ISL_417780
H34	EPI_ISL_417821
H34	EPI_ISL_417831
H34	EPI_ISL_417921
H34	EPI_ISL_417941
H34	EPI_ISL_417959
H34	EPI_ISL_417972
H34	EPI_ISL_417973
H34	EPI_ISL_417974
H34	EPI_ISL_417990
H34	EPI_ISL_418017
H34	EPI_ISL_418116
H34	EPI_ISL_418122
H34	EPI_ISL_418138
H34	EPI_ISL_418139
H34	EPI_ISL_418152
H34	EPI_ISL_418166
H34	EPI_ISL_418210
H34	EPI_ISL_418211
H34	EPI_ISL_418212
H34	EPI_ISL_418213
H34	EPI_ISL_418214
H34	EPI_ISL_418215
H80	EPI_ISL_414559
H136	EPI_ISL_416482
H136	EPI_ISL_417233
H136	EPI_ISL_417248
H136	EPI_ISL_417301
H136	EPI_ISL_417302
H136	EPI_ISL_417695
H136	EPI_ISL_417698
H136	EPI_ISL_417736
H136	EPI_ISL_417749
H136	EPI_ISL_417997
H136	EPI_ISL_417998
H136	EPI_ISL_417999
H136	EPI_ISL_418003
H93	EPI_ISL_415153
H93	EPI_ISL_416143
H95	EPI_ISL_415155
H94	EPI_ISL_415154
H94	EPI_ISL_416469
H120	EPI_ISL_416153
H48	EPI_ISL_413489
H48	EPI_ISL_413996
H48	EPI_ISL_414601
H48	EPI_ISL_414624
H48	EPI_ISL_416494
H48	EPI_ISL_417529
H48	EPI_ISL_417530
H48	EPI_ISL_417533
H48	EPI_ISL_417569
H48	EPI_ISL_417610
H48	EPI_ISL_417711
H48	EPI_ISL_417764
H48	EPI_ISL_417803
H48	EPI_ISL_417851
H15	EPI_ISL_406862
H15	EPI_ISL_414640
H15	EPI_ISL_416327
H15	EPI_ISL_416334
H15	EPI_ISL_416386
H15	EPI_ISL_417471
H15	EPI_ISL_417494
H197	EPI_ISL_417969
H65	EPI_ISL_414019
H65	EPI_ISL_414020
H65	EPI_ISL_416426
H65	EPI_ISL_416481
H65	EPI_ISL_417007
H65	EPI_ISL_417010
H65	EPI_ISL_417402
H65	EPI_ISL_417639
H65	EPI_ISL_417814
H65	EPI_ISL_417820
H65	EPI_ISL_417923
H65	EPI_ISL_417954
H65	EPI_ISL_417963
H65	EPI_ISL_417978
H65	EPI_ISL_418168
H65	EPI_ISL_418183
H189	EPI_ISL_417744
H175	EPI_ISL_417536
H175	EPI_ISL_417537
H175	EPI_ISL_417542
H175	EPI_ISL_417543
H175	EPI_ISL_417549
H175	EPI_ISL_417552
H175	EPI_ISL_417573
H175	EPI_ISL_417583
H175	EPI_ISL_417586
H175	EPI_ISL_417588
H175	EPI_ISL_417597
H175	EPI_ISL_417599
H175	EPI_ISL_417600
H175	EPI_ISL_417612
H175	EPI_ISL_417613
H175	EPI_ISL_417623
H175	EPI_ISL_417625
H175	EPI_ISL_417626
H175	EPI_ISL_417630
H175	EPI_ISL_417633
H175	EPI_ISL_417634
H175	EPI_ISL_417635
H175	EPI_ISL_417636
H175	EPI_ISL_417640
H175	EPI_ISL_417645
H175	EPI_ISL_417650
H175	EPI_ISL_417676
H175	EPI_ISL_417678
H175	EPI_ISL_417680
H175	EPI_ISL_417703
H175	EPI_ISL_417709
H175	EPI_ISL_417712
H175	EPI_ISL_417739
H175	EPI_ISL_417741
H175	EPI_ISL_417745
H175	EPI_ISL_417753
H175	EPI_ISL_417755
H175	EPI_ISL_417774
H175	EPI_ISL_417786
H175	EPI_ISL_417790
H175	EPI_ISL_417808
H175	EPI_ISL_417809
H175	EPI_ISL_417810
H175	EPI_ISL_417824
H175	EPI_ISL_417827
H175	EPI_ISL_417836
H183	EPI_ISL_417609
H183	EPI_ISL_417647
H183	EPI_ISL_417956
H196	EPI_ISL_417957
H196	EPI_ISL_418182
H191	EPI_ISL_417766
H191	EPI_ISL_417770
H191	EPI_ISL_417777
H191	EPI_ISL_417798
H137	EPI_ISL_416489
H137	EPI_ISL_417967
H201	EPI_ISL_418009
H59	EPI_ISL_413648
H59	EPI_ISL_417987
H59	EPI_ISL_417988
H59	EPI_ISL_417991
H59	EPI_ISL_417996
H59	EPI_ISL_418010
H59	EPI_ISL_418012
H88	EPI_ISL_414628
H88	EPI_ISL_414647
H88	EPI_ISL_415710
H88	EPI_ISL_416517
H88	EPI_ISL_416758
H88	EPI_ISL_417336
H88	EPI_ISL_418219
H53	EPI_ISL_413592
H53	EPI_ISL_416521
H53	EPI_ISL_416522
H53	EPI_ISL_416671
H53	EPI_ISL_416674
H53	EPI_ISL_416831
H53	EPI_ISL_417192
H53	EPI_ISL_417372
H53	EPI_ISL_417452
H53	EPI_ISL_417506
H53	EPI_ISL_417508
H53	EPI_ISL_417510
H53	EPI_ISL_417513
H53	EPI_ISL_417944
H53	EPI_ISL_418006
H155	EPI_ISL_417018
H87	EPI_ISL_414626
H87	EPI_ISL_414632
H87	EPI_ISL_414633
H87	EPI_ISL_414637
H87	EPI_ISL_414638
H87	EPI_ISL_415654
H87	EPI_ISL_415697
H87	EPI_ISL_416497
H87	EPI_ISL_417411
H87	EPI_ISL_417440
H87	EPI_ISL_417517
H87	EPI_ISL_417648
H87	EPI_ISL_417878
H87	EPI_ISL_417879
H87	EPI_ISL_418035
H87	EPI_ISL_418223
H87	EPI_ISL_418225
H87	EPI_ISL_418227
H87	EPI_ISL_418229
H87	EPI_ISL_418232
H87	EPI_ISL_418233
H87	EPI_ISL_418238
H179	EPI_ISL_417565
H179	EPI_ISL_417637
H179	EPI_ISL_417646
H179	EPI_ISL_417651
H179	EPI_ISL_417839
H89	EPI_ISL_414629
H89	EPI_ISL_415651
H89	EPI_ISL_415652
H89	EPI_ISL_415694
H89	EPI_ISL_415695
H89	EPI_ISL_415704
H89	EPI_ISL_415705
H89	EPI_ISL_415706
H89	EPI_ISL_415707
H89	EPI_ISL_416493
H89	EPI_ISL_416499
H89	EPI_ISL_416500
H89	EPI_ISL_416745
H89	EPI_ISL_416747
H89	EPI_ISL_416749
H89	EPI_ISL_416750
H89	EPI_ISL_416751
H89	EPI_ISL_416752
H89	EPI_ISL_416754
H89	EPI_ISL_416756
H89	EPI_ISL_416757
H89	EPI_ISL_417333
H89	EPI_ISL_417334
H89	EPI_ISL_417337
H89	EPI_ISL_417339
H89	EPI_ISL_417437
H89	EPI_ISL_417438
H89	EPI_ISL_417442
H89	EPI_ISL_417526
H89	EPI_ISL_417527
H89	EPI_ISL_417942
H89	EPI_ISL_417946
H89	EPI_ISL_417947
H89	EPI_ISL_418024
H89	EPI_ISL_418230
H89	EPI_ISL_418231
H89	EPI_ISL_418234
H89	EPI_ISL_418240
H203	EPI_ISL_418222
H185	EPI_ISL_417624
H185	EPI_ISL_417737
H185	EPI_ISL_417788
H185	EPI_ISL_417819
H174	EPI_ISL_417534
H52	EPI_ISL_413588
H52	EPI_ISL_413589
H52	EPI_ISL_414461
H101	EPI_ISL_415462
H101	EPI_ISL_415488
H101	EPI_ISL_415518
H101	EPI_ISL_415520
H101	EPI_ISL_417582
H101	EPI_ISL_417641
H105	EPI_ISL_415535
H105	EPI_ISL_417617
H105	EPI_ISL_417622
H105	EPI_ISL_417706
H105	EPI_ISL_417743
H105	EPI_ISL_417804
H105	EPI_ISL_417823
H105	EPI_ISL_417837
H99	EPI_ISL_415460
H99	EPI_ISL_415465
H99	EPI_ISL_415466
H99	EPI_ISL_415469
H99	EPI_ISL_415515
H99	EPI_ISL_415525
H99	EPI_ISL_415534
H49	EPI_ISL_413572
H49	EPI_ISL_414625
H49	EPI_ISL_414627
H49	EPI_ISL_414634
H49	EPI_ISL_414635
H49	EPI_ISL_414636
H49	EPI_ISL_414642
H49	EPI_ISL_415477
H49	EPI_ISL_415487
H49	EPI_ISL_415543
H49	EPI_ISL_415544
H49	EPI_ISL_415649
H49	EPI_ISL_415650
H49	EPI_ISL_415692
H49	EPI_ISL_415693
H49	EPI_ISL_416457
H49	EPI_ISL_416478
H49	EPI_ISL_416491
H49	EPI_ISL_416492
H49	EPI_ISL_416495
H49	EPI_ISL_416496
H49	EPI_ISL_416501
H49	EPI_ISL_416502
H49	EPI_ISL_416504
H49	EPI_ISL_416505
H49	EPI_ISL_416506
H49	EPI_ISL_416508
H49	EPI_ISL_416509
H49	EPI_ISL_416510
H49	EPI_ISL_416511
H49	EPI_ISL_416512
H49	EPI_ISL_416642
H49	EPI_ISL_416655
H49	EPI_ISL_416660
H49	EPI_ISL_416672
H49	EPI_ISL_416678
H49	EPI_ISL_416704
H49	EPI_ISL_416748
H49	EPI_ISL_416753
H49	EPI_ISL_416830
H49	EPI_ISL_417006
H49	EPI_ISL_417020
H49	EPI_ISL_417204
H49	EPI_ISL_417330
H49	EPI_ISL_417338
H49	EPI_ISL_417340
H49	EPI_ISL_417352
H49	EPI_ISL_417359
H49	EPI_ISL_417373
H49	EPI_ISL_417457
H49	EPI_ISL_417463
H49	EPI_ISL_417465
H49	EPI_ISL_417466
H49	EPI_ISL_417467
H49	EPI_ISL_417468
H49	EPI_ISL_417469
H49	EPI_ISL_417474
H49	EPI_ISL_417476
H49	EPI_ISL_417492
H49	EPI_ISL_417497
H49	EPI_ISL_417499
H49	EPI_ISL_417505
H49	EPI_ISL_417516
H49	EPI_ISL_417559
H49	EPI_ISL_417562
H49	EPI_ISL_417570
H49	EPI_ISL_417579
H49	EPI_ISL_417593
H49	EPI_ISL_417594
H49	EPI_ISL_417596
H49	EPI_ISL_417614
H49	EPI_ISL_417620
H49	EPI_ISL_417631
H49	EPI_ISL_417654
H49	EPI_ISL_417656
H49	EPI_ISL_417665
H49	EPI_ISL_417673
H49	EPI_ISL_417675
H49	EPI_ISL_417677
H49	EPI_ISL_417682
H49	EPI_ISL_417683
H49	EPI_ISL_417685
H49	EPI_ISL_417687
H49	EPI_ISL_417692
H49	EPI_ISL_417693
H49	EPI_ISL_417700
H49	EPI_ISL_417701
H49	EPI_ISL_417705
H49	EPI_ISL_417707
H49	EPI_ISL_417710
H49	EPI_ISL_417715
H49	EPI_ISL_417721
H49	EPI_ISL_417722
H49	EPI_ISL_417723
H49	EPI_ISL_417725
H49	EPI_ISL_417726
H49	EPI_ISL_417731
H49	EPI_ISL_417735
H49	EPI_ISL_417742
H49	EPI_ISL_417748
H49	EPI_ISL_417760
H49	EPI_ISL_417761
H49	EPI_ISL_417773
H49	EPI_ISL_417779
H49	EPI_ISL_417784
H49	EPI_ISL_417787
H49	EPI_ISL_417805
H49	EPI_ISL_417832
H49	EPI_ISL_417833
H49	EPI_ISL_417835
H49	EPI_ISL_417842
H49	EPI_ISL_417844
H49	EPI_ISL_417846
H49	EPI_ISL_417848
H49	EPI_ISL_417849
H49	EPI_ISL_417850
H49	EPI_ISL_417853
H49	EPI_ISL_417854
H49	EPI_ISL_417855
H49	EPI_ISL_417856
H49	EPI_ISL_417857
H49	EPI_ISL_417865
H49	EPI_ISL_417866
H49	EPI_ISL_417872
H49	EPI_ISL_417873
H49	EPI_ISL_417874
H49	EPI_ISL_417875
H49	EPI_ISL_417935
H49	EPI_ISL_417937
H49	EPI_ISL_417938
H49	EPI_ISL_417939
H49	EPI_ISL_417970
H49	EPI_ISL_417977
H49	EPI_ISL_418022
H49	EPI_ISL_418039
H49	EPI_ISL_418041
H49	EPI_ISL_418044
H49	EPI_ISL_418057
H49	EPI_ISL_418058
H49	EPI_ISL_418076
H49	EPI_ISL_418095
H49	EPI_ISL_418097
H49	EPI_ISL_418098
H49	EPI_ISL_418109
H49	EPI_ISL_418119
H49	EPI_ISL_418184
H49	EPI_ISL_418188
H49	EPI_ISL_418190
H49	EPI_ISL_418192
H49	EPI_ISL_418193
H49	EPI_ISL_418196
H49	EPI_ISL_418197
H49	EPI_ISL_418198
H49	EPI_ISL_418199
H49	EPI_ISL_418200
H49	EPI_ISL_418202
H49	EPI_ISL_418203
H49	EPI_ISL_418204
H49	EPI_ISL_418218
H49	EPI_ISL_418220
H49	EPI_ISL_418221
H49	EPI_ISL_418226
H49	EPI_ISL_418228
H49	EPI_ISL_418236
H49	EPI_ISL_418239
H139	EPI_ISL_416523
H139	EPI_ISL_417598
H139	EPI_ISL_417830
H103	EPI_ISL_415481
H98	EPI_ISL_415159
H138	EPI_ISL_416513
H168	EPI_ISL_417376
H168	EPI_ISL_417971
H168	EPI_ISL_418028
H168	EPI_ISL_418036
H168	EPI_ISL_418042
H168	EPI_ISL_418049
H168	EPI_ISL_418051
H150	EPI_ISL_416661
H150	EPI_ISL_417345
H150	EPI_ISL_417932
H150	EPI_ISL_418037
H150	EPI_ISL_418072
H178	EPI_ISL_417555
H178	EPI_ISL_417797
H173	EPI_ISL_417531
H173	EPI_ISL_417532
H186	EPI_ISL_417629
H186	EPI_ISL_417806
H186	EPI_ISL_418206
H186	EPI_ISL_418207
H186	EPI_ISL_418208
H186	EPI_ISL_418209
H190	EPI_ISL_417752
H204	EPI_ISL_418224
H90	EPI_ISL_414630
H90	EPI_ISL_416498
H90	EPI_ISL_418237
H90	EPI_ISL_418241
H90	EPI_ISL_418242
H85	EPI_ISL_414616
H85	EPI_ISL_415597
H85	EPI_ISL_415625
H85	EPI_ISL_416434
H85	EPI_ISL_416438
H85	EPI_ISL_416452
H85	EPI_ISL_416647
H85	EPI_ISL_416648
H85	EPI_ISL_416653
H85	EPI_ISL_416691
H85	EPI_ISL_416693
H85	EPI_ISL_416698
H85	EPI_ISL_416699
H85	EPI_ISL_416707
H85	EPI_ISL_416708
H85	EPI_ISL_416716
H85	EPI_ISL_416719
H85	EPI_ISL_416724
H85	EPI_ISL_416725
H85	EPI_ISL_416729
H85	EPI_ISL_417341
H85	EPI_ISL_417342
H85	EPI_ISL_417379
H85	EPI_ISL_417382
H85	EPI_ISL_417451
H85	EPI_ISL_417454
H85	EPI_ISL_417455
H85	EPI_ISL_417690
H85	EPI_ISL_418032
H85	EPI_ISL_418033
H85	EPI_ISL_418053
H85	EPI_ISL_418054
H85	EPI_ISL_418067
H85	EPI_ISL_418068
H85	EPI_ISL_418073
H85	EPI_ISL_418081
H112	EPI_ISL_415648
H198	EPI_ISL_417976
H171	EPI_ISL_417420
H116	EPI_ISL_415742
H172	EPI_ISL_417444
H19	EPI_ISL_407988
H19	EPI_ISL_408481
H19	EPI_ISL_412030
H19	EPI_ISL_412968
H19	EPI_ISL_413870
H19	EPI_ISL_413896
H19	EPI_ISL_414483
H19	EPI_ISL_414484
H19	EPI_ISL_414485
H19	EPI_ISL_414501
H19	EPI_ISL_414571
H19	EPI_ISL_415137
H19	EPI_ISL_415577
H19	EPI_ISL_415578
H19	EPI_ISL_415579
H19	EPI_ISL_415580
H19	EPI_ISL_415585
H19	EPI_ISL_415587
H19	EPI_ISL_416342
H19	EPI_ISL_416351
H19	EPI_ISL_416354
H19	EPI_ISL_416383
H19	EPI_ISL_416414
H19	EPI_ISL_416526
H19	EPI_ISL_416566
H19	EPI_ISL_416568
H19	EPI_ISL_416569
H19	EPI_ISL_416571
H19	EPI_ISL_416572
H19	EPI_ISL_416573
H19	EPI_ISL_416574
H19	EPI_ISL_416575
H19	EPI_ISL_416576
H19	EPI_ISL_416577
H19	EPI_ISL_416578
H19	EPI_ISL_416579
H19	EPI_ISL_416580
H19	EPI_ISL_416581
H19	EPI_ISL_416583
H19	EPI_ISL_416586
H19	EPI_ISL_416588
H19	EPI_ISL_416589
H19	EPI_ISL_416590
H19	EPI_ISL_416591
H19	EPI_ISL_416592
H19	EPI_ISL_416593
H19	EPI_ISL_416594
H19	EPI_ISL_416595
H19	EPI_ISL_416596
H19	EPI_ISL_416597
H19	EPI_ISL_416600
H19	EPI_ISL_416601
H19	EPI_ISL_416602
H19	EPI_ISL_416605
H19	EPI_ISL_416606
H19	EPI_ISL_416607
H19	EPI_ISL_416608
H19	EPI_ISL_416609
H19	EPI_ISL_416611
H19	EPI_ISL_416612
H19	EPI_ISL_416614
H19	EPI_ISL_416616
H19	EPI_ISL_416617
H19	EPI_ISL_416618
H19	EPI_ISL_416620
H19	EPI_ISL_416621
H19	EPI_ISL_416622
H19	EPI_ISL_416623
H19	EPI_ISL_416626
H19	EPI_ISL_416627
H19	EPI_ISL_416628
H19	EPI_ISL_416629
H19	EPI_ISL_416630
H19	EPI_ISL_416631
H19	EPI_ISL_416632
H19	EPI_ISL_416633
H19	EPI_ISL_416634
H19	EPI_ISL_417920
H68	EPI_ISL_414430
H1	EPI_ISL_402119
H1	EPI_ISL_402120
H1	EPI_ISL_402121
H1	EPI_ISL_402123
H1	EPI_ISL_402124
H1	EPI_ISL_402125
H1	EPI_ISL_402127
H1	EPI_ISL_402128
H1	EPI_ISL_402129
H1	EPI_ISL_402130
H1	EPI_ISL_402132
H1	EPI_ISL_403928
H1	EPI_ISL_403929
H1	EPI_ISL_403930
H1	EPI_ISL_403931
H1	EPI_ISL_403934
H1	EPI_ISL_403962
H1	EPI_ISL_403963
H1	EPI_ISL_404227
H1	EPI_ISL_404228
H1	EPI_ISL_404253
H1	EPI_ISL_406538
H1	EPI_ISL_406595
H1	EPI_ISL_406716
H1	EPI_ISL_406717
H1	EPI_ISL_406798
H1	EPI_ISL_406800
H1	EPI_ISL_406970
H1	EPI_ISL_406973
H1	EPI_ISL_407079
H1	EPI_ISL_407084
H1	EPI_ISL_407313
H1	EPI_ISL_408431
H1	EPI_ISL_408479
H1	EPI_ISL_408486
H1	EPI_ISL_408488
H1	EPI_ISL_408511
H1	EPI_ISL_408514
H1	EPI_ISL_408515
H1	EPI_ISL_408976
H1	EPI_ISL_410044
H1	EPI_ISL_410218
H1	EPI_ISL_410486
H1	EPI_ISL_410531
H1	EPI_ISL_410532
H1	EPI_ISL_411902
H1	EPI_ISL_411915
H1	EPI_ISL_411927
H1	EPI_ISL_411950
H1	EPI_ISL_411953
H1	EPI_ISL_411955
H1	EPI_ISL_412026
H1	EPI_ISL_412459
H1	EPI_ISL_412862
H1	EPI_ISL_412872
H1	EPI_ISL_412898
H1	EPI_ISL_412899
H1	EPI_ISL_412900
H1	EPI_ISL_412965
H1	EPI_ISL_413558
H1	EPI_ISL_413559
H1	EPI_ISL_413561
H1	EPI_ISL_413564
H1	EPI_ISL_413567
H1	EPI_ISL_413568
H1	EPI_ISL_413576
H1	EPI_ISL_413578
H1	EPI_ISL_413580
H1	EPI_ISL_413581
H1	EPI_ISL_413582
H1	EPI_ISL_413585
H1	EPI_ISL_413586
H1	EPI_ISL_413590
H1	EPI_ISL_413594
H1	EPI_ISL_413596
H1	EPI_ISL_413606
H1	EPI_ISL_413608
H1	EPI_ISL_413610
H1	EPI_ISL_413613
H1	EPI_ISL_413614
H1	EPI_ISL_413615
H1	EPI_ISL_413616
H1	EPI_ISL_413618
H1	EPI_ISL_413619
H1	EPI_ISL_413620
H1	EPI_ISL_413621
H1	EPI_ISL_413622
H1	EPI_ISL_413623
H1	EPI_ISL_413692
H1	EPI_ISL_413693
H1	EPI_ISL_413694
H1	EPI_ISL_413753
H1	EPI_ISL_413850
H1	EPI_ISL_413851
H1	EPI_ISL_413852
H1	EPI_ISL_413857
H1	EPI_ISL_413861
H1	EPI_ISL_413866
H1	EPI_ISL_413868
H1	EPI_ISL_413869
H1	EPI_ISL_413872
H1	EPI_ISL_413874
H1	EPI_ISL_413875
H1	EPI_ISL_413879
H1	EPI_ISL_413882
H1	EPI_ISL_413883
H1	EPI_ISL_413884
H1	EPI_ISL_413888
H1	EPI_ISL_413893
H1	EPI_ISL_413898
H1	EPI_ISL_413902
H1	EPI_ISL_414024
H1	EPI_ISL_414026
H1	EPI_ISL_414040
H1	EPI_ISL_414041
H1	EPI_ISL_414042
H1	EPI_ISL_414043
H1	EPI_ISL_414044
H1	EPI_ISL_414426
H1	EPI_ISL_414427
H1	EPI_ISL_414431
H1	EPI_ISL_414432
H1	EPI_ISL_414458
H1	EPI_ISL_414459
H1	EPI_ISL_414462
H1	EPI_ISL_414467
H1	EPI_ISL_414479
H1	EPI_ISL_414481
H1	EPI_ISL_414487
H1	EPI_ISL_414498
H1	EPI_ISL_414504
H1	EPI_ISL_414506
H1	EPI_ISL_414508
H1	EPI_ISL_414510
H1	EPI_ISL_414533
H1	EPI_ISL_414538
H1	EPI_ISL_414540
H1	EPI_ISL_414541
H1	EPI_ISL_414542
H1	EPI_ISL_414547
H1	EPI_ISL_414550
H1	EPI_ISL_414553
H1	EPI_ISL_414574
H1	EPI_ISL_414687
H1	EPI_ISL_414692
H1	EPI_ISL_415148
H1	EPI_ISL_415490
H1	EPI_ISL_415493
H1	EPI_ISL_415494
H1	EPI_ISL_415504
H1	EPI_ISL_415513
H1	EPI_ISL_415516
H1	EPI_ISL_415522
H1	EPI_ISL_415528
H1	EPI_ISL_415538
H1	EPI_ISL_415583
H1	EPI_ISL_415628
H1	EPI_ISL_415638
H1	EPI_ISL_415659
H1	EPI_ISL_415711
H1	EPI_ISL_415918
H1	EPI_ISL_415919
H1	EPI_ISL_416044
H1	EPI_ISL_416046
H1	EPI_ISL_416047
H1	EPI_ISL_416320
H1	EPI_ISL_416329
H1	EPI_ISL_416336
H1	EPI_ISL_416337
H1	EPI_ISL_416340
H1	EPI_ISL_416345
H1	EPI_ISL_416347
H1	EPI_ISL_416348
H1	EPI_ISL_416353
H1	EPI_ISL_416355
H1	EPI_ISL_416358
H1	EPI_ISL_416359
H1	EPI_ISL_416360
H1	EPI_ISL_416362
H1	EPI_ISL_416367
H1	EPI_ISL_416369
H1	EPI_ISL_416370
H1	EPI_ISL_416371
H1	EPI_ISL_416374
H1	EPI_ISL_416375
H1	EPI_ISL_416376
H1	EPI_ISL_416379
H1	EPI_ISL_416380
H1	EPI_ISL_416384
H1	EPI_ISL_416385
H1	EPI_ISL_416388
H1	EPI_ISL_416390
H1	EPI_ISL_416393
H1	EPI_ISL_416394
H1	EPI_ISL_416395
H1	EPI_ISL_416396
H1	EPI_ISL_416401
H1	EPI_ISL_416404
H1	EPI_ISL_416405
H1	EPI_ISL_416416
H1	EPI_ISL_416425
H1	EPI_ISL_416474
H1	EPI_ISL_416738
H1	EPI_ISL_416907
H1	EPI_ISL_417064
H1	EPI_ISL_417178
H1	EPI_ISL_417218
H1	EPI_ISL_417253
H1	EPI_ISL_417259
H1	EPI_ISL_417263
H1	EPI_ISL_417276
H1	EPI_ISL_417285
H1	EPI_ISL_417288
H1	EPI_ISL_417296
H1	EPI_ISL_417306
H1	EPI_ISL_417312
H1	EPI_ISL_417313
H1	EPI_ISL_417318
H1	EPI_ISL_417320
H1	EPI_ISL_417325
H1	EPI_ISL_417335
H1	EPI_ISL_417432
H1	EPI_ISL_417482
H1	EPI_ISL_417553
H1	EPI_ISL_417576
H1	EPI_ISL_417591
H1	EPI_ISL_417602
H1	EPI_ISL_417616
H1	EPI_ISL_417792
H1	EPI_ISL_418083
H1	EPI_ISL_418084
H1	EPI_ISL_418085
H1	EPI_ISL_418092
H1	EPI_ISL_418100
H1	EPI_ISL_418101
H1	EPI_ISL_418102
H1	EPI_ISL_418103
H1	EPI_ISL_418104
H1	EPI_ISL_418106
H1	EPI_ISL_418107
H1	EPI_ISL_418108
H1	EPI_ISL_418111
H1	EPI_ISL_418112
H1	EPI_ISL_418115
H1	EPI_ISL_418120
H1	EPI_ISL_418121
H1	EPI_ISL_418124
H1	EPI_ISL_418125
H1	EPI_ISL_418127
H1	EPI_ISL_418128
H1	EPI_ISL_418129
H1	EPI_ISL_418130
H1	EPI_ISL_418131
H1	EPI_ISL_418132
H1	EPI_ISL_418133
H1	EPI_ISL_418134
H1	EPI_ISL_418135
H1	EPI_ISL_418137
H1	EPI_ISL_418140
H1	EPI_ISL_418141
H1	EPI_ISL_418142
H1	EPI_ISL_418143
H1	EPI_ISL_418148
H1	EPI_ISL_418150
H1	EPI_ISL_418153
H1	EPI_ISL_418154
H1	EPI_ISL_418157
H1	EPI_ISL_418160
H1	EPI_ISL_418161
H1	EPI_ISL_418162
H1	EPI_ISL_418164
H1	EPI_ISL_418165
H57	EPI_ISL_413609
H57	EPI_ISL_413617
H81	EPI_ISL_414563
H125	EPI_ISL_416399
H11	EPI_ISL_406535
H11	EPI_ISL_406536
H11	EPI_ISL_408670
H11	EPI_ISL_410719
H11	EPI_ISL_411066
H11	EPI_ISL_412967
H11	EPI_ISL_413522
H11	EPI_ISL_416324
H11	EPI_ISL_416398
H4	EPI_ISL_403936
H4	EPI_ISL_403937
H4	EPI_ISL_406531
H4	EPI_ISL_408010
H4	EPI_ISL_411952
H4	EPI_ISL_416321
H50	EPI_ISL_413573
H50	EPI_ISL_413577
H50	EPI_ISL_413583
H50	EPI_ISL_414452
H50	EPI_ISL_414500
H50	EPI_ISL_414543
H50	EPI_ISL_414551
H50	EPI_ISL_415479
H50	EPI_ISL_415489
H50	EPI_ISL_415505
H50	EPI_ISL_415507
H50	EPI_ISL_415510
H50	EPI_ISL_415517
H50	EPI_ISL_415519
H50	EPI_ISL_416740
H50	EPI_ISL_417211
H50	EPI_ISL_417264
H50	EPI_ISL_417283
H50	EPI_ISL_418026
H74	EPI_ISL_414537
H74	EPI_ISL_414539
H73	EPI_ISL_414536
H73	EPI_ISL_414544
H73	EPI_ISL_415521
H83	EPI_ISL_414589
H83	EPI_ISL_415500
H83	EPI_ISL_415501
H83	EPI_ISL_415506
H83	EPI_ISL_415508
H83	EPI_ISL_415509
H83	EPI_ISL_415524
H83	EPI_ISL_417460
H83	EPI_ISL_417880
H28	EPI_ISL_411957
H28	EPI_ISL_414684
H28	EPI_ISL_414685
H28	EPI_ISL_414686
H9	EPI_ISL_406533
H9	EPI_ISL_408669
H9	EPI_ISL_412966
H9	EPI_ISL_413864
H9	EPI_ISL_414511
H9	EPI_ISL_416361
H9	EPI_ISL_416363
H9	EPI_ISL_416387
H47	EPI_ISL_413488
H47	EPI_ISL_414497
H47	EPI_ISL_414499
H47	EPI_ISL_414505
H47	EPI_ISL_414509
H47	EPI_ISL_415464
H47	EPI_ISL_415495
H47	EPI_ISL_415531
H47	EPI_ISL_416033
H47	EPI_ISL_416488
H47	EPI_ISL_417412
H47	EPI_ISL_417459
H47	EPI_ISL_417461
H47	EPI_ISL_417462
H47	EPI_ISL_417759
H47	EPI_ISL_417793
H47	EPI_ISL_417958
H47	EPI_ISL_418117
H113	EPI_ISL_415657
H113	EPI_ISL_415920
H113	EPI_ISL_418110
H113	EPI_ISL_418136
H113	EPI_ISL_418144
H113	EPI_ISL_418145
H113	EPI_ISL_418147
H113	EPI_ISL_418151
H113	EPI_ISL_418155
H113	EPI_ISL_418156
H113	EPI_ISL_418158
H113	EPI_ISL_418159
H113	EPI_ISL_418163
H10	EPI_ISL_406534
H10	EPI_ISL_406594
H10	EPI_ISL_408008
H10	EPI_ISL_408009
H10	EPI_ISL_413014
H10	EPI_ISL_413015
H10	EPI_ISL_416365
H23	EPI_ISL_409067
H187	EPI_ISL_417666
H187	EPI_ISL_417667
H117	EPI_ISL_416024
H117	EPI_ISL_416739
H117	EPI_ISL_417239
H117	EPI_ISL_417286
H117	EPI_ISL_417604
H117	EPI_ISL_417627
H117	EPI_ISL_417628
H117	EPI_ISL_417649
H117	EPI_ISL_418000
H24	EPI_ISL_410301
H18	EPI_ISL_407987
H18	EPI_ISL_410537
H18	EPI_ISL_416829
H18	EPI_ISL_416866
H18	EPI_ISL_416884
H123	EPI_ISL_416389
H124	EPI_ISL_416397
H58	EPI_ISL_413611
H58	EPI_ISL_413612
H143	EPI_ISL_416567
H143	EPI_ISL_416584
H143	EPI_ISL_416599
H35	EPI_ISL_412969
H35	EPI_ISL_413459
H35	EPI_ISL_416582
H35	EPI_ISL_416587
H35	EPI_ISL_416598
H35	EPI_ISL_416610
H145	EPI_ISL_416604
H142	EPI_ISL_416565
H142	EPI_ISL_416603
H142	EPI_ISL_416613
H142	EPI_ISL_416619
H142	EPI_ISL_416624
H147	EPI_ISL_416625
H22	EPI_ISL_408482
H22	EPI_ISL_412975
H22	EPI_ISL_412981
H22	EPI_ISL_413490
H22	EPI_ISL_413600
H22	EPI_ISL_414008
H22	EPI_ISL_414476
H22	EPI_ISL_414520
H22	EPI_ISL_414522
H22	EPI_ISL_414591
H22	EPI_ISL_415581
H22	EPI_ISL_416373
H22	EPI_ISL_416382
H22	EPI_ISL_416542
H22	EPI_ISL_417238
H22	EPI_ISL_417384
H22	EPI_ISL_417385
H22	EPI_ISL_417523
H22	EPI_ISL_417524
H44	EPI_ISL_413213
H44	EPI_ISL_413595
H44	EPI_ISL_413597
H44	EPI_ISL_413598
H44	EPI_ISL_415644
H44	EPI_ISL_416412
H44	EPI_ISL_416458
H44	EPI_ISL_416541
H44	EPI_ISL_416543
H44	EPI_ISL_417387
H44	EPI_ISL_417484
H170	EPI_ISL_417413
H79	EPI_ISL_414558
H169	EPI_ISL_417406
H115	EPI_ISL_415741
H115	EPI_ISL_415743
H115	EPI_ISL_417519
H115	EPI_ISL_417520
H115	EPI_ISL_417521
H121	EPI_ISL_416331
H121	EPI_ISL_416332
H126	EPI_ISL_416406
H126	EPI_ISL_416407
H45	EPI_ISL_413214
H45	EPI_ISL_414414
H45	EPI_ISL_417386
H55	EPI_ISL_413599
H55	EPI_ISL_417383
H55	EPI_ISL_417389
H55	EPI_ISL_417391
H55	EPI_ISL_417392
H55	EPI_ISL_417393
H55	EPI_ISL_417398
H144	EPI_ISL_416585
H56	EPI_ISL_413607
H69	EPI_ISL_414480
H70	EPI_ISL_414482
H70	EPI_ISL_416570
H20	EPI_ISL_408430
H20	EPI_ISL_410984
H20	EPI_ISL_411218
H146	EPI_ISL_416615
H21	EPI_ISL_408480
H21	EPI_ISL_416392
H32	EPI_ISL_412873
H14	EPI_ISL_406801
H14	EPI_ISL_407071
H14	EPI_ISL_407073
H14	EPI_ISL_407893
H14	EPI_ISL_407976
H14	EPI_ISL_408483
H14	EPI_ISL_408489
H14	EPI_ISL_411926
H14	EPI_ISL_412869
H14	EPI_ISL_412978
H14	EPI_ISL_412979
H14	EPI_ISL_412980
H14	EPI_ISL_412983
H14	EPI_ISL_413485
H14	EPI_ISL_413523
H14	EPI_ISL_413691
H14	EPI_ISL_413695
H14	EPI_ISL_413729
H14	EPI_ISL_413746
H14	EPI_ISL_413747
H14	EPI_ISL_413748
H14	EPI_ISL_413749
H14	EPI_ISL_413750
H14	EPI_ISL_413751
H14	EPI_ISL_413752
H14	EPI_ISL_413854
H14	EPI_ISL_413856
H14	EPI_ISL_413858
H14	EPI_ISL_413859
H14	EPI_ISL_413860
H14	EPI_ISL_413867
H14	EPI_ISL_413873
H14	EPI_ISL_413889
H14	EPI_ISL_413897
H14	EPI_ISL_414378
H14	EPI_ISL_414379
H14	EPI_ISL_414380
H14	EPI_ISL_414496
H14	EPI_ISL_414577
H14	EPI_ISL_414578
H14	EPI_ISL_414689
H14	EPI_ISL_414690
H14	EPI_ISL_414691
H14	EPI_ISL_414934
H14	EPI_ISL_416042
H14	EPI_ISL_416322
H14	EPI_ISL_416323
H14	EPI_ISL_416326
H14	EPI_ISL_416328
H14	EPI_ISL_416330
H14	EPI_ISL_416333
H14	EPI_ISL_416339
H14	EPI_ISL_416343
H14	EPI_ISL_416344
H14	EPI_ISL_416352
H14	EPI_ISL_416357
H14	EPI_ISL_416368
H14	EPI_ISL_416378
H14	EPI_ISL_416402
H14	EPI_ISL_416483
H14	EPI_ISL_416485
H14	EPI_ISL_416885
H14	EPI_ISL_417176
H14	EPI_ISL_417205
H14	EPI_ISL_417518
H14	EPI_ISL_417924
H14	EPI_ISL_417979
H14	EPI_ISL_417980
H14	EPI_ISL_418027
H14	EPI_ISL_418146
H14	EPI_ISL_418252
H92	EPI_ISL_414936
H92	EPI_ISL_414937
H92	EPI_ISL_414938
H92	EPI_ISL_414939
H92	EPI_ISL_414940
H92	EPI_ISL_414941
H62	EPI_ISL_413711
H17	EPI_ISL_407894
H17	EPI_ISL_407896
H17	EPI_ISL_410535
H17	EPI_ISL_410717
H17	EPI_ISL_410718
H17	EPI_ISL_411954
H17	EPI_ISL_413853
H17	EPI_ISL_416316
H17	EPI_ISL_416317
H17	EPI_ISL_416403
H17	EPI_ISL_416415
H17	EPI_ISL_416696
H100	EPI_ISL_415461
H100	EPI_ISL_415526
H100	EPI_ISL_417200
H100	EPI_ISL_417201
H100	EPI_ISL_417514
H78	EPI_ISL_414555
H141	EPI_ISL_416539
H140	EPI_ISL_416538
H140	EPI_ISL_418045
H7	EPI_ISL_406034
H7	EPI_ISL_408484
H7	EPI_ISL_408485
H7	EPI_ISL_408668
H7	EPI_ISL_410045
H7	EPI_ISL_416338
H7	EPI_ISL_416341
H7	EPI_ISL_416381
H7	EPI_ISL_416409
H7	EPI_ISL_416427
H7	EPI_ISL_416429
H29	EPI_ISL_412028
H3	EPI_ISL_403932
H3	EPI_ISL_403933
H3	EPI_ISL_403935
H3	EPI_ISL_405839
H3	EPI_ISL_406030
H3	EPI_ISL_406593
H3	EPI_ISL_408665
H3	EPI_ISL_408666
H3	EPI_ISL_408667
H3	EPI_ISL_411956
H3	EPI_ISL_413809
H3	EPI_ISL_414521
H3	EPI_ISL_414688
H3	EPI_ISL_416318
H3	EPI_ISL_416319
H3	EPI_ISL_416366
H3	EPI_ISL_416377
H3	EPI_ISL_417030
H12	EPI_ISL_406592
H8	EPI_ISL_406223
H16	EPI_ISL_407193
H16	EPI_ISL_412870
H16	EPI_ISL_412871
H16	EPI_ISL_413513
H16	EPI_ISL_413514
H16	EPI_ISL_413515
H16	EPI_ISL_413516
H16	EPI_ISL_413518
H16	EPI_ISL_413519
H16	EPI_ISL_413520
H16	EPI_ISL_413521
H39	EPI_ISL_413017
H5	EPI_ISL_404895
H5	EPI_ISL_407214
H5	EPI_ISL_407215
H5	EPI_ISL_408478
H5	EPI_ISL_408487
H5	EPI_ISL_411060
H5	EPI_ISL_413855
H5	EPI_ISL_413862
H5	EPI_ISL_416473
H5	EPI_ISL_416886
H128	EPI_ISL_416419
H128	EPI_ISL_416421
H130	EPI_ISL_416447
H130	EPI_ISL_417081
H130	EPI_ISL_417085
H130	EPI_ISL_418055
H130	EPI_ISL_418077
H164	EPI_ISL_417353
H164	EPI_ISL_417380
H108	EPI_ISL_415584
H108	EPI_ISL_415588
H149	EPI_ISL_416657
H60	EPI_ISL_413650
H60	EPI_ISL_413651
H60	EPI_ISL_414618
H60	EPI_ISL_415596
H60	EPI_ISL_415605
H60	EPI_ISL_417072
H60	EPI_ISL_417073
H60	EPI_ISL_417075
H60	EPI_ISL_417076
H60	EPI_ISL_417111
H60	EPI_ISL_417139
H60	EPI_ISL_417159
H60	EPI_ISL_417160
H60	EPI_ISL_418029
H60	EPI_ISL_418071
H46	EPI_ISL_413455
H46	EPI_ISL_413456
H46	EPI_ISL_413457
H46	EPI_ISL_413458
H46	EPI_ISL_413557
H46	EPI_ISL_413560
H46	EPI_ISL_413562
H46	EPI_ISL_413563
H46	EPI_ISL_413601
H46	EPI_ISL_413649
H46	EPI_ISL_413652
H46	EPI_ISL_413653
H46	EPI_ISL_413922
H46	EPI_ISL_413924
H46	EPI_ISL_414363
H46	EPI_ISL_414364
H46	EPI_ISL_414365
H46	EPI_ISL_414366
H46	EPI_ISL_414367
H46	EPI_ISL_414368
H46	EPI_ISL_414369
H46	EPI_ISL_414590
H46	EPI_ISL_414592
H46	EPI_ISL_414593
H46	EPI_ISL_414596
H46	EPI_ISL_414597
H46	EPI_ISL_414619
H46	EPI_ISL_414620
H46	EPI_ISL_414621
H46	EPI_ISL_415541
H46	EPI_ISL_415542
H46	EPI_ISL_415586
H46	EPI_ISL_415589
H46	EPI_ISL_415591
H46	EPI_ISL_415592
H46	EPI_ISL_415593
H46	EPI_ISL_415594
H46	EPI_ISL_415595
H46	EPI_ISL_415598
H46	EPI_ISL_415599
H46	EPI_ISL_415603
H46	EPI_ISL_415604
H46	EPI_ISL_415606
H46	EPI_ISL_415607
H46	EPI_ISL_415610
H46	EPI_ISL_415612
H46	EPI_ISL_415613
H46	EPI_ISL_415614
H46	EPI_ISL_415615
H46	EPI_ISL_415616
H46	EPI_ISL_415617
H46	EPI_ISL_415618
H46	EPI_ISL_415619
H46	EPI_ISL_415621
H46	EPI_ISL_415622
H46	EPI_ISL_415623
H46	EPI_ISL_415626
H46	EPI_ISL_415627
H46	EPI_ISL_416417
H46	EPI_ISL_416422
H46	EPI_ISL_416423
H46	EPI_ISL_416424
H46	EPI_ISL_416433
H46	EPI_ISL_416436
H46	EPI_ISL_416437
H46	EPI_ISL_416440
H46	EPI_ISL_416441
H46	EPI_ISL_416442
H46	EPI_ISL_416443
H46	EPI_ISL_416444
H46	EPI_ISL_416445
H46	EPI_ISL_416446
H46	EPI_ISL_416448
H46	EPI_ISL_416450
H46	EPI_ISL_416451
H46	EPI_ISL_416454
H46	EPI_ISL_416455
H46	EPI_ISL_416456
H46	EPI_ISL_416460
H46	EPI_ISL_416461
H46	EPI_ISL_416465
H46	EPI_ISL_416514
H46	EPI_ISL_416636
H46	EPI_ISL_416637
H46	EPI_ISL_416638
H46	EPI_ISL_416639
H46	EPI_ISL_416640
H46	EPI_ISL_416641
H46	EPI_ISL_416643
H46	EPI_ISL_416644
H46	EPI_ISL_416645
H46	EPI_ISL_416652
H46	EPI_ISL_416654
H46	EPI_ISL_416656
H46	EPI_ISL_416659
H46	EPI_ISL_416662
H46	EPI_ISL_416663
H46	EPI_ISL_416665
H46	EPI_ISL_416666
H46	EPI_ISL_416669
H46	EPI_ISL_416670
H46	EPI_ISL_416679
H46	EPI_ISL_416680
H46	EPI_ISL_416681
H46	EPI_ISL_416683
H46	EPI_ISL_416685
H46	EPI_ISL_416686
H46	EPI_ISL_416687
H46	EPI_ISL_416688
H46	EPI_ISL_416689
H46	EPI_ISL_416690
H46	EPI_ISL_416692
H46	EPI_ISL_416695
H46	EPI_ISL_416701
H46	EPI_ISL_416702
H46	EPI_ISL_416703
H46	EPI_ISL_416705
H46	EPI_ISL_416709
H46	EPI_ISL_416710
H46	EPI_ISL_416711
H46	EPI_ISL_416712
H46	EPI_ISL_416714
H46	EPI_ISL_416715
H46	EPI_ISL_416717
H46	EPI_ISL_416718
H46	EPI_ISL_416720
H46	EPI_ISL_416721
H46	EPI_ISL_416722
H46	EPI_ISL_416726
H46	EPI_ISL_416727
H46	EPI_ISL_417028
H46	EPI_ISL_417065
H46	EPI_ISL_417066
H46	EPI_ISL_417067
H46	EPI_ISL_417068
H46	EPI_ISL_417069
H46	EPI_ISL_417070
H46	EPI_ISL_417071
H46	EPI_ISL_417074
H46	EPI_ISL_417077
H46	EPI_ISL_417078
H46	EPI_ISL_417079
H46	EPI_ISL_417080
H46	EPI_ISL_417082
H46	EPI_ISL_417083
H46	EPI_ISL_417084
H46	EPI_ISL_417086
H46	EPI_ISL_417087
H46	EPI_ISL_417088
H46	EPI_ISL_417089
H46	EPI_ISL_417090
H46	EPI_ISL_417091
H46	EPI_ISL_417092
H46	EPI_ISL_417093
H46	EPI_ISL_417094
H46	EPI_ISL_417096
H46	EPI_ISL_417097
H46	EPI_ISL_417098
H46	EPI_ISL_417099
H46	EPI_ISL_417102
H46	EPI_ISL_417103
H46	EPI_ISL_417104
H46	EPI_ISL_417105
H46	EPI_ISL_417106
H46	EPI_ISL_417107
H46	EPI_ISL_417108
H46	EPI_ISL_417109
H46	EPI_ISL_417110
H46	EPI_ISL_417112
H46	EPI_ISL_417113
H46	EPI_ISL_417114
H46	EPI_ISL_417115
H46	EPI_ISL_417116
H46	EPI_ISL_417117
H46	EPI_ISL_417118
H46	EPI_ISL_417119
H46	EPI_ISL_417120
H46	EPI_ISL_417121
H46	EPI_ISL_417122
H46	EPI_ISL_417123
H46	EPI_ISL_417124
H46	EPI_ISL_417125
H46	EPI_ISL_417127
H46	EPI_ISL_417128
H46	EPI_ISL_417129
H46	EPI_ISL_417130
H46	EPI_ISL_417131
H46	EPI_ISL_417132
H46	EPI_ISL_417133
H46	EPI_ISL_417134
H46	EPI_ISL_417135
H46	EPI_ISL_417136
H46	EPI_ISL_417137
H46	EPI_ISL_417138
H46	EPI_ISL_417140
H46	EPI_ISL_417141
H46	EPI_ISL_417142
H46	EPI_ISL_417143
H46	EPI_ISL_417144
H46	EPI_ISL_417145
H46	EPI_ISL_417146
H46	EPI_ISL_417148
H46	EPI_ISL_417149
H46	EPI_ISL_417150
H46	EPI_ISL_417151
H46	EPI_ISL_417152
H46	EPI_ISL_417153
H46	EPI_ISL_417154
H46	EPI_ISL_417155
H46	EPI_ISL_417156
H46	EPI_ISL_417157
H46	EPI_ISL_417158
H46	EPI_ISL_417161
H46	EPI_ISL_417162
H46	EPI_ISL_417164
H46	EPI_ISL_417165
H46	EPI_ISL_417166
H46	EPI_ISL_417167
H46	EPI_ISL_417168
H46	EPI_ISL_417169
H46	EPI_ISL_417170
H46	EPI_ISL_417171
H46	EPI_ISL_417172
H46	EPI_ISL_417173
H46	EPI_ISL_417174
H46	EPI_ISL_417175
H46	EPI_ISL_417203
H46	EPI_ISL_417323
H46	EPI_ISL_417324
H46	EPI_ISL_417332
H46	EPI_ISL_417344
H46	EPI_ISL_417349
H46	EPI_ISL_417350
H46	EPI_ISL_417351
H46	EPI_ISL_417354
H46	EPI_ISL_417355
H46	EPI_ISL_417357
H46	EPI_ISL_417358
H46	EPI_ISL_417360
H46	EPI_ISL_417361
H46	EPI_ISL_417364
H46	EPI_ISL_417365
H46	EPI_ISL_417366
H46	EPI_ISL_417368
H46	EPI_ISL_417371
H46	EPI_ISL_417375
H46	EPI_ISL_417377
H46	EPI_ISL_417449
H46	EPI_ISL_417450
H46	EPI_ISL_417456
H46	EPI_ISL_417507
H46	EPI_ISL_417960
H46	EPI_ISL_417962
H46	EPI_ISL_417964
H46	EPI_ISL_417965
H46	EPI_ISL_417966
H46	EPI_ISL_417968
H46	EPI_ISL_418030
H46	EPI_ISL_418034
H46	EPI_ISL_418038
H46	EPI_ISL_418040
H46	EPI_ISL_418046
H46	EPI_ISL_418047
H46	EPI_ISL_418048
H46	EPI_ISL_418050
H46	EPI_ISL_418059
H46	EPI_ISL_418061
H46	EPI_ISL_418063
H46	EPI_ISL_418064
H46	EPI_ISL_418065
H46	EPI_ISL_418066
H46	EPI_ISL_418069
H46	EPI_ISL_418070
H46	EPI_ISL_418074
H46	EPI_ISL_418075
H46	EPI_ISL_418078
H46	EPI_ISL_418079
H46	EPI_ISL_418082
H46	EPI_ISL_418113
H46	EPI_ISL_418187
H46	EPI_ISL_418189
H131	EPI_ISL_416466
H131	EPI_ISL_416667
H131	EPI_ISL_416677
H131	EPI_ISL_417163
H131	EPI_ISL_417374
H131	EPI_ISL_417480
H131	EPI_ISL_417503
H110	EPI_ISL_415611
H110	EPI_ISL_415620
H110	EPI_ISL_416635
H110	EPI_ISL_416649
H110	EPI_ISL_416668
H110	EPI_ISL_416682
H110	EPI_ISL_416694
H110	EPI_ISL_416713
H110	EPI_ISL_417356
H110	EPI_ISL_417370
H110	EPI_ISL_417381
H110	EPI_ISL_417453
H127	EPI_ISL_416413
H127	EPI_ISL_417031
H127	EPI_ISL_417194
H127	EPI_ISL_417395
H127	EPI_ISL_417477
H127	EPI_ISL_417500
H127	EPI_ISL_417504
H127	EPI_ISL_417587
H127	EPI_ISL_418062
H184	EPI_ISL_417618
H184	EPI_ISL_417720
H194	EPI_ISL_417871
H181	EPI_ISL_417577
H181	EPI_ISL_417615
H181	EPI_ISL_417717
H181	EPI_ISL_417724
H181	EPI_ISL_417762
H181	EPI_ISL_417789
H181	EPI_ISL_417791
H181	EPI_ISL_417818
H163	EPI_ISL_417348
H151	EPI_ISL_416664
H36	EPI_ISL_412970
H36	EPI_ISL_413486
H36	EPI_ISL_413487
H36	EPI_ISL_415600
H36	EPI_ISL_416435
H36	EPI_ISL_416462
H36	EPI_ISL_416463
H36	EPI_ISL_417095
H36	EPI_ISL_417100
H36	EPI_ISL_417101
H36	EPI_ISL_417347
H167	EPI_ISL_417369
H109	EPI_ISL_415608
H109	EPI_ISL_415609
H109	EPI_ISL_415624
H109	EPI_ISL_416650
H109	EPI_ISL_416651
H109	EPI_ISL_416684
H109	EPI_ISL_417378
H153	EPI_ISL_416728
H152	EPI_ISL_416700
H86	EPI_ISL_414617
H159	EPI_ISL_417147
H158	EPI_ISL_417126
H165	EPI_ISL_417363
H166	EPI_ISL_417367
H63	EPI_ISL_413925
H63	EPI_ISL_413926
H63	EPI_ISL_413928
H63	EPI_ISL_413931
H63	EPI_ISL_414588
H84	EPI_ISL_414595
H84	EPI_ISL_414622
H84	EPI_ISL_415602
H84	EPI_ISL_416439
H84	EPI_ISL_416453
H84	EPI_ISL_417448
H2	EPI_ISL_402131
H26	EPI_ISL_410544
H26	EPI_ISL_410721
H26	EPI_ISL_412860
H25	EPI_ISL_410538
H25	EPI_ISL_410539
H25	EPI_ISL_410540
H25	EPI_ISL_410541
H25	EPI_ISL_410542
H91	EPI_ISL_414663
H37	EPI_ISL_412982
H122	EPI_ISL_416372
H199	EPI_ISL_417981
H82	EPI_ISL_414579
H82	EPI_ISL_414598
H82	EPI_ISL_414600
H82	EPI_ISL_414623
H82	EPI_ISL_415151
H82	EPI_ISL_415503
H82	EPI_ISL_415658
H82	EPI_ISL_415660
H82	EPI_ISL_415661
H82	EPI_ISL_416477
H82	EPI_ISL_416484
H82	EPI_ISL_416487
H82	EPI_ISL_416994
H82	EPI_ISL_417034
H82	EPI_ISL_417961
H82	EPI_ISL_418216
H61	EPI_ISL_413697
H61	EPI_ISL_413761
H61	EPI_ISL_413791
H61	EPI_ISL_416335
H61	EPI_ISL_416350
H129	EPI_ISL_416432
H129	EPI_ISL_416449
H129	EPI_ISL_416706
H129	EPI_ISL_417033
H129	EPI_ISL_417388
H129	EPI_ISL_417396
H129	EPI_ISL_417400
H129	EPI_ISL_417401
H129	EPI_ISL_417403
H129	EPI_ISL_417917
H129	EPI_ISL_417918
H27	EPI_ISL_410546
H27	EPI_ISL_412974
H27	EPI_ISL_413605
H27	EPI_ISL_414529
H27	EPI_ISL_414531
H27	EPI_ISL_414532
H27	EPI_ISL_414534
H27	EPI_ISL_414645
H27	EPI_ISL_415130
H27	EPI_ISL_415132
H27	EPI_ISL_415139
H27	EPI_ISL_415143
H27	EPI_ISL_415144
H27	EPI_ISL_415149
H27	EPI_ISL_415470
H27	EPI_ISL_415484
H27	EPI_ISL_415590
H27	EPI_ISL_415641
H27	EPI_ISL_415643
H27	EPI_ISL_415709
H27	EPI_ISL_416480
H27	EPI_ISL_416503
H27	EPI_ISL_416507
H27	EPI_ISL_416515
H27	EPI_ISL_416516
H27	EPI_ISL_416518
H27	EPI_ISL_417011
H27	EPI_ISL_417215
H27	EPI_ISL_417216
H27	EPI_ISL_417219
H27	EPI_ISL_417254
H27	EPI_ISL_417262
H27	EPI_ISL_417275
H27	EPI_ISL_417281
H27	EPI_ISL_417284
H27	EPI_ISL_417300
H27	EPI_ISL_417303
H27	EPI_ISL_417305
H27	EPI_ISL_417314
H27	EPI_ISL_417486
H27	EPI_ISL_417487
H27	EPI_ISL_417488
H27	EPI_ISL_417489
H27	EPI_ISL_417490
H27	EPI_ISL_417601
H27	EPI_ISL_417605
H27	EPI_ISL_417657
H27	EPI_ISL_417658
H27	EPI_ISL_417661
H27	EPI_ISL_417668
H27	EPI_ISL_417669
H27	EPI_ISL_417765
H27	EPI_ISL_417952
H27	EPI_ISL_418025
H27	EPI_ISL_418126
H6	EPI_ISL_406031
H6	EPI_ISL_406036
H6	EPI_ISL_406844
H6	EPI_ISL_408977
H6	EPI_ISL_408978
H6	EPI_ISL_410536
H6	EPI_ISL_410545
H6	EPI_ISL_410713
H6	EPI_ISL_410714
H6	EPI_ISL_410715
H6	EPI_ISL_410716
H6	EPI_ISL_411929
H6	EPI_ISL_411951
H6	EPI_ISL_413018
H6	EPI_ISL_413863
H6	EPI_ISL_415582
H6	EPI_ISL_416315
H6	EPI_ISL_416325
H6	EPI_ISL_416346
H6	EPI_ISL_416349
H6	EPI_ISL_416364
H6	EPI_ISL_416391
H6	EPI_ISL_416400
H6	EPI_ISL_416408
H6	EPI_ISL_416410
H6	EPI_ISL_416411
H6	EPI_ISL_417177
H6	EPI_ISL_417179
H6	EPI_ISL_417180
H6	EPI_ISL_417182
H6	EPI_ISL_417183
H6	EPI_ISL_417184
H6	EPI_ISL_417185
H6	EPI_ISL_417190
H6	EPI_ISL_417195
H6	EPI_ISL_417199
H6	EPI_ISL_418123
H30	EPI_ISL_412029
H30	EPI_ISL_414527
H30	EPI_ISL_414528
H30	EPI_ISL_414569
H30	EPI_ISL_416314
H30	EPI_ISL_417181
H30	EPI_ISL_417187
H30	EPI_ISL_417188
H30	EPI_ISL_417193
H30	EPI_ISL_417197
H71	EPI_ISL_414517
H71	EPI_ISL_414519
H13	EPI_ISL_406596
H13	EPI_ISL_406597
H13	EPI_ISL_410720
H13	EPI_ISL_411219
H13	EPI_ISL_411220
H43	EPI_ISL_413025
H43	EPI_ISL_413603
H43	EPI_ISL_414009
H43	EPI_ISL_417212
H43	EPI_ISL_417483
H43	EPI_ISL_418080
H161	EPI_ISL_417267
H161	EPI_ISL_417268
H161	EPI_ISL_417269
H161	EPI_ISL_417399
H31	EPI_ISL_412116
H31	EPI_ISL_414005
H31	EPI_ISL_414006
H31	EPI_ISL_414007
H31	EPI_ISL_415128
H31	EPI_ISL_415478
H31	EPI_ISL_415630
H31	EPI_ISL_417213
H31	EPI_ISL_417270
H31	EPI_ISL_417282
H31	EPI_ISL_417315
H31	EPI_ISL_417394
H31	EPI_ISL_417409
H31	EPI_ISL_417410
H31	EPI_ISL_417475
H31	EPI_ISL_417498
H31	EPI_ISL_417584
H31	EPI_ISL_417659
H31	EPI_ISL_417950
H31	EPI_ISL_418020
H31	EPI_ISL_418021
H206	EPI_ISL_418243
H38	EPI_ISL_413016
H38	EPI_ISL_413019
H38	EPI_ISL_414011
H38	EPI_ISL_414013
H38	EPI_ISL_414451
H38	EPI_ISL_414468
H38	EPI_ISL_415142
H38	EPI_ISL_415486
H38	EPI_ISL_415491
H38	EPI_ISL_415512
H38	EPI_ISL_415527
H38	EPI_ISL_417008
H38	EPI_ISL_417009
H38	EPI_ISL_417189
H38	EPI_ISL_417246
H38	EPI_ISL_417290
H38	EPI_ISL_417291
H38	EPI_ISL_417346
H38	EPI_ISL_417405
H38	EPI_ISL_417522
H38	EPI_ISL_417528
H38	EPI_ISL_417825
H38	EPI_ISL_417931
H38	EPI_ISL_417975
H38	EPI_ISL_418005
H38	EPI_ISL_418149
H162	EPI_ISL_417292
H177	EPI_ISL_417544
H177	EPI_ISL_417548
H177	EPI_ISL_417557
H177	EPI_ISL_417558
H177	EPI_ISL_417568
H177	EPI_ISL_417606
H177	EPI_ISL_417607
H177	EPI_ISL_417653
H177	EPI_ISL_417696
H177	EPI_ISL_417716
H177	EPI_ISL_417750
H177	EPI_ISL_417771
H177	EPI_ISL_417772
H177	EPI_ISL_417838
H177	EPI_ISL_417864
H118	EPI_ISL_416032
H118	EPI_ISL_417672
H104	EPI_ISL_415492
H182	EPI_ISL_417580
H182	EPI_ISL_417590
H182	EPI_ISL_417611
H182	EPI_ISL_417621
H182	EPI_ISL_417655
H182	EPI_ISL_417660
H182	EPI_ISL_417699
H182	EPI_ISL_417822
H188	EPI_ISL_417689
H111	EPI_ISL_415631
H111	EPI_ISL_417478
H111	EPI_ISL_417501
H148	EPI_ISL_416646
H148	EPI_ISL_416675
H148	EPI_ISL_416723
H148	EPI_ISL_416733
H148	EPI_ISL_417280
H148	EPI_ISL_417289
H148	EPI_ISL_417408
H148	EPI_ISL_417574
H148	EPI_ISL_417670
H148	EPI_ISL_417732
H154	EPI_ISL_417017
H157	EPI_ISL_417025
H176	EPI_ISL_417540
H176	EPI_ISL_417541
H176	EPI_ISL_417545
H176	EPI_ISL_417603
H176	EPI_ISL_417801
H202	EPI_ISL_418060
H107	EPI_ISL_415540
H106	EPI_ISL_415539
H54	EPI_ISL_413593
H54	EPI_ISL_415640
H54	EPI_ISL_415646
H54	EPI_ISL_417485
H54	EPI_ISL_417556
H64	EPI_ISL_413999
H64	EPI_ISL_414010
H64	EPI_ISL_414027
H64	EPI_ISL_414524
H64	EPI_ISL_414646
H64	EPI_ISL_416741
H64	EPI_ISL_417016
H64	EPI_ISL_417019
H64	EPI_ISL_417424
H64	EPI_ISL_417491
H64	EPI_ISL_417550
H64	EPI_ISL_417560
H64	EPI_ISL_417563
H64	EPI_ISL_417652
H64	EPI_ISL_417694
H64	EPI_ISL_417740
H64	EPI_ISL_417746
H64	EPI_ISL_417758
H64	EPI_ISL_417763
H64	EPI_ISL_417775
H64	EPI_ISL_417799
H64	EPI_ISL_417812
H64	EPI_ISL_417948
H64	EPI_ISL_417955
H64	EPI_ISL_417989
H195	EPI_ISL_417877
H135	EPI_ISL_416479
H72	EPI_ISL_414523
H72	EPI_ISL_414526
H72	EPI_ISL_415134
H72	EPI_ISL_415141
H72	EPI_ISL_416731
H72	EPI_ISL_417217
H72	EPI_ISL_417226
H72	EPI_ISL_417231
H72	EPI_ISL_417240
H72	EPI_ISL_417255
H72	EPI_ISL_417589
H72	EPI_ISL_417754
H66	EPI_ISL_414428
H207	EPI_ISL_418251
H97	EPI_ISL_415158
H97	EPI_ISL_416471
H160	EPI_ISL_417191
H200	EPI_ISL_417994
H200	EPI_ISL_418011
H200	EPI_ISL_418014
H200	EPI_ISL_418015
H200	EPI_ISL_418016
H42	EPI_ISL_413024
H42	EPI_ISL_413997
H42	EPI_ISL_414021
H42	EPI_ISL_414022
H42	EPI_ISL_415455
H42	EPI_ISL_415456
H42	EPI_ISL_415701
H42	EPI_ISL_416744
H42	EPI_ISL_417390
H42	EPI_ISL_417551
H42	EPI_ISL_417816
H76	EPI_ISL_414549
H205	EPI_ISL_418235
H96	EPI_ISL_415157
H134	EPI_ISL_416476
H132	EPI_ISL_416467
H40	EPI_ISL_413020
H40	EPI_ISL_416486
H40	EPI_ISL_417298
H40	EPI_ISL_417299
H40	EPI_ISL_417992
H40	EPI_ISL_417995
H40	EPI_ISL_418001
H40	EPI_ISL_418013
H51	EPI_ISL_413584
H51	EPI_ISL_413604
H51	EPI_ISL_413647
H51	EPI_ISL_414014
H51	EPI_ISL_414017
H51	EPI_ISL_414423
H51	EPI_ISL_414433
H51	EPI_ISL_414435
H51	EPI_ISL_414439
H51	EPI_ISL_414446
H51	EPI_ISL_414552
H51	EPI_ISL_414564
H51	EPI_ISL_414643
H51	EPI_ISL_415463
H51	EPI_ISL_415471
H51	EPI_ISL_415482
H51	EPI_ISL_415496
H51	EPI_ISL_415502
H51	EPI_ISL_415514
H51	EPI_ISL_415523
H51	EPI_ISL_415529
H51	EPI_ISL_415533
H51	EPI_ISL_416028
H51	EPI_ISL_416475
H51	EPI_ISL_416730
H51	EPI_ISL_416746
H51	EPI_ISL_417014
H51	EPI_ISL_417232
H51	EPI_ISL_417234
H51	EPI_ISL_417235
H51	EPI_ISL_417236
H51	EPI_ISL_417252
H51	EPI_ISL_417256
H51	EPI_ISL_417272
H51	EPI_ISL_417279
H51	EPI_ISL_417287
H51	EPI_ISL_417293
H51	EPI_ISL_417295
H51	EPI_ISL_417343
H51	EPI_ISL_417426
H51	EPI_ISL_417427
H51	EPI_ISL_417429
H51	EPI_ISL_417571
H51	EPI_ISL_417575
H51	EPI_ISL_417681
H51	EPI_ISL_417702
H51	EPI_ISL_417704
H51	EPI_ISL_417728
H51	EPI_ISL_417734
H51	EPI_ISL_417815
H51	EPI_ISL_417817
H51	EPI_ISL_417829
H51	EPI_ISL_417841
H51	EPI_ISL_417860
H51	EPI_ISL_417861
H51	EPI_ISL_417863
H51	EPI_ISL_417867
H51	EPI_ISL_417868
H51	EPI_ISL_417986
H102	EPI_ISL_415475
H193	EPI_ISL_417852
H180	EPI_ISL_417566
H180	EPI_ISL_417632
H180	EPI_ISL_417713
H180	EPI_ISL_417714
H180	EPI_ISL_417757
H180	EPI_ISL_417785
H180	EPI_ISL_417795
H180	EPI_ISL_417802
H180	EPI_ISL_417876
H77	EPI_ISL_414554
H77	EPI_ISL_414641
H77	EPI_ISL_415468
H77	EPI_ISL_415497
H77	EPI_ISL_415511
H77	EPI_ISL_415530
H192	EPI_ISL_417800
H75	EPI_ISL_414545
H75	EPI_ISL_414557
H75	EPI_ISL_414561
H75	EPI_ISL_414562
H114	EPI_ISL_415702
H119	EPI_ISL_416034
H133	EPI_ISL_416468
H67	EPI_ISL_414429
H67	EPI_ISL_415467
H67	EPI_ISL_415483
H67	EPI_ISL_415498
H67	EPI_ISL_417644
H67	EPI_ISL_417684
H67	EPI_ISL_417688
H67	EPI_ISL_417828
H67	EPI_ISL_417834
H67	EPI_ISL_417840
H67	EPI_ISL_417862
