H179	EPI_ISL_417544
H179	EPI_ISL_417548
H179	EPI_ISL_417557
H179	EPI_ISL_417558
H179	EPI_ISL_417568
H179	EPI_ISL_417606
H179	EPI_ISL_417607
H179	EPI_ISL_417653
H179	EPI_ISL_417696
H179	EPI_ISL_417716
H179	EPI_ISL_417750
H179	EPI_ISL_417771
H179	EPI_ISL_417772
H179	EPI_ISL_417838
H179	EPI_ISL_417864
H36	EPI_ISL_413016
H36	EPI_ISL_413019
H36	EPI_ISL_414011
H36	EPI_ISL_414013
H36	EPI_ISL_414451
H36	EPI_ISL_414468
H36	EPI_ISL_415142
H36	EPI_ISL_415486
H36	EPI_ISL_415491
H36	EPI_ISL_415512
H36	EPI_ISL_415527
H36	EPI_ISL_417008
H36	EPI_ISL_417009
H36	EPI_ISL_417189
H36	EPI_ISL_417246
H36	EPI_ISL_417290
H36	EPI_ISL_417291
H36	EPI_ISL_417346
H36	EPI_ISL_417405
H36	EPI_ISL_417522
H36	EPI_ISL_417528
H36	EPI_ISL_417825
H36	EPI_ISL_417931
H36	EPI_ISL_417975
H36	EPI_ISL_418005
H36	EPI_ISL_418149
H119	EPI_ISL_416032
H119	EPI_ISL_417672
H190	EPI_ISL_417689
H112	EPI_ISL_415631
H149	EPI_ISL_416646
H149	EPI_ISL_416675
H149	EPI_ISL_416723
H149	EPI_ISL_416733
H149	EPI_ISL_417280
H149	EPI_ISL_417289
H149	EPI_ISL_417408
H149	EPI_ISL_417478
H149	EPI_ISL_417501
H149	EPI_ISL_417574
H149	EPI_ISL_417670
H149	EPI_ISL_417732
H155	EPI_ISL_417017
H158	EPI_ISL_417025
H41	EPI_ISL_413025
H41	EPI_ISL_413603
H41	EPI_ISL_414009
H41	EPI_ISL_417212
H41	EPI_ISL_417483
H41	EPI_ISL_418080
H22	EPI_ISL_408978
H22	EPI_ISL_410546
H22	EPI_ISL_412974
H22	EPI_ISL_413605
H22	EPI_ISL_414529
H22	EPI_ISL_414531
H22	EPI_ISL_414532
H22	EPI_ISL_414534
H22	EPI_ISL_414645
H22	EPI_ISL_415130
H22	EPI_ISL_415132
H22	EPI_ISL_415139
H22	EPI_ISL_415143
H22	EPI_ISL_415144
H22	EPI_ISL_415149
H22	EPI_ISL_415470
H22	EPI_ISL_415484
H22	EPI_ISL_415590
H22	EPI_ISL_415641
H22	EPI_ISL_415643
H22	EPI_ISL_415709
H22	EPI_ISL_416346
H22	EPI_ISL_416480
H22	EPI_ISL_416503
H22	EPI_ISL_416507
H22	EPI_ISL_416515
H22	EPI_ISL_416516
H22	EPI_ISL_416518
H22	EPI_ISL_417011
H22	EPI_ISL_417215
H22	EPI_ISL_417216
H22	EPI_ISL_417219
H22	EPI_ISL_417254
H22	EPI_ISL_417262
H22	EPI_ISL_417275
H22	EPI_ISL_417281
H22	EPI_ISL_417284
H22	EPI_ISL_417300
H22	EPI_ISL_417303
H22	EPI_ISL_417305
H22	EPI_ISL_417314
H22	EPI_ISL_417486
H22	EPI_ISL_417487
H22	EPI_ISL_417488
H22	EPI_ISL_417489
H22	EPI_ISL_417490
H22	EPI_ISL_417554
H22	EPI_ISL_417601
H22	EPI_ISL_417605
H22	EPI_ISL_417657
H22	EPI_ISL_417658
H22	EPI_ISL_417661
H22	EPI_ISL_417668
H22	EPI_ISL_417669
H22	EPI_ISL_417765
H22	EPI_ISL_417952
H22	EPI_ISL_418025
H22	EPI_ISL_418123
H22	EPI_ISL_418126
H5	EPI_ISL_406031
H5	EPI_ISL_406036
H5	EPI_ISL_406844
H5	EPI_ISL_408977
H5	EPI_ISL_410536
H5	EPI_ISL_410545
H5	EPI_ISL_410713
H5	EPI_ISL_410714
H5	EPI_ISL_410715
H5	EPI_ISL_410716
H5	EPI_ISL_411929
H5	EPI_ISL_411951
H5	EPI_ISL_413018
H5	EPI_ISL_413863
H5	EPI_ISL_415582
H5	EPI_ISL_416315
H5	EPI_ISL_416325
H5	EPI_ISL_416349
H5	EPI_ISL_416364
H5	EPI_ISL_416391
H5	EPI_ISL_416400
H5	EPI_ISL_416408
H5	EPI_ISL_416410
H5	EPI_ISL_416411
H5	EPI_ISL_417177
H5	EPI_ISL_417179
H5	EPI_ISL_417180
H5	EPI_ISL_417182
H5	EPI_ISL_417183
H5	EPI_ISL_417184
H5	EPI_ISL_417185
H5	EPI_ISL_417190
H5	EPI_ISL_417195
H5	EPI_ISL_417199
H12	EPI_ISL_406596
H12	EPI_ISL_406597
H12	EPI_ISL_410720
H12	EPI_ISL_411219
H12	EPI_ISL_411220
H1	EPI_ISL_402119
H1	EPI_ISL_402120
H1	EPI_ISL_402121
H1	EPI_ISL_402123
H1	EPI_ISL_402124
H1	EPI_ISL_402125
H1	EPI_ISL_402127
H1	EPI_ISL_402128
H1	EPI_ISL_402129
H1	EPI_ISL_402130
H1	EPI_ISL_402132
H1	EPI_ISL_403928
H1	EPI_ISL_403929
H1	EPI_ISL_403930
H1	EPI_ISL_403931
H1	EPI_ISL_403934
H1	EPI_ISL_403962
H1	EPI_ISL_403963
H1	EPI_ISL_404227
H1	EPI_ISL_404228
H1	EPI_ISL_404253
H1	EPI_ISL_406538
H1	EPI_ISL_406595
H1	EPI_ISL_406716
H1	EPI_ISL_406717
H1	EPI_ISL_406798
H1	EPI_ISL_406800
H1	EPI_ISL_406970
H1	EPI_ISL_406973
H1	EPI_ISL_407079
H1	EPI_ISL_407084
H1	EPI_ISL_407313
H1	EPI_ISL_408431
H1	EPI_ISL_408479
H1	EPI_ISL_408486
H1	EPI_ISL_408488
H1	EPI_ISL_408511
H1	EPI_ISL_408514
H1	EPI_ISL_408515
H1	EPI_ISL_408976
H1	EPI_ISL_410044
H1	EPI_ISL_410218
H1	EPI_ISL_410486
H1	EPI_ISL_410531
H1	EPI_ISL_410532
H1	EPI_ISL_411902
H1	EPI_ISL_411915
H1	EPI_ISL_411927
H1	EPI_ISL_411950
H1	EPI_ISL_411953
H1	EPI_ISL_411955
H1	EPI_ISL_412026
H1	EPI_ISL_412459
H1	EPI_ISL_412872
H1	EPI_ISL_412898
H1	EPI_ISL_412899
H1	EPI_ISL_412900
H1	EPI_ISL_412965
H1	EPI_ISL_413564
H1	EPI_ISL_413567
H1	EPI_ISL_413568
H1	EPI_ISL_413576
H1	EPI_ISL_413578
H1	EPI_ISL_413580
H1	EPI_ISL_413581
H1	EPI_ISL_413582
H1	EPI_ISL_413585
H1	EPI_ISL_413586
H1	EPI_ISL_413590
H1	EPI_ISL_413594
H1	EPI_ISL_413596
H1	EPI_ISL_413606
H1	EPI_ISL_413608
H1	EPI_ISL_413610
H1	EPI_ISL_413613
H1	EPI_ISL_413614
H1	EPI_ISL_413615
H1	EPI_ISL_413616
H1	EPI_ISL_413618
H1	EPI_ISL_413619
H1	EPI_ISL_413620
H1	EPI_ISL_413621
H1	EPI_ISL_413622
H1	EPI_ISL_413623
H1	EPI_ISL_413692
H1	EPI_ISL_413693
H1	EPI_ISL_413694
H1	EPI_ISL_413753
H1	EPI_ISL_413851
H1	EPI_ISL_413852
H1	EPI_ISL_413857
H1	EPI_ISL_413861
H1	EPI_ISL_413866
H1	EPI_ISL_413868
H1	EPI_ISL_413869
H1	EPI_ISL_413872
H1	EPI_ISL_413874
H1	EPI_ISL_413875
H1	EPI_ISL_413879
H1	EPI_ISL_413882
H1	EPI_ISL_413883
H1	EPI_ISL_413884
H1	EPI_ISL_413888
H1	EPI_ISL_413893
H1	EPI_ISL_413898
H1	EPI_ISL_413902
H1	EPI_ISL_414024
H1	EPI_ISL_414026
H1	EPI_ISL_414040
H1	EPI_ISL_414041
H1	EPI_ISL_414042
H1	EPI_ISL_414043
H1	EPI_ISL_414044
H1	EPI_ISL_414426
H1	EPI_ISL_414427
H1	EPI_ISL_414431
H1	EPI_ISL_414432
H1	EPI_ISL_414458
H1	EPI_ISL_414459
H1	EPI_ISL_414462
H1	EPI_ISL_414467
H1	EPI_ISL_414479
H1	EPI_ISL_414481
H1	EPI_ISL_414487
H1	EPI_ISL_414498
H1	EPI_ISL_414504
H1	EPI_ISL_414506
H1	EPI_ISL_414508
H1	EPI_ISL_414510
H1	EPI_ISL_414533
H1	EPI_ISL_414538
H1	EPI_ISL_414540
H1	EPI_ISL_414541
H1	EPI_ISL_414542
H1	EPI_ISL_414547
H1	EPI_ISL_414550
H1	EPI_ISL_414553
H1	EPI_ISL_414574
H1	EPI_ISL_414687
H1	EPI_ISL_414692
H1	EPI_ISL_415148
H1	EPI_ISL_415490
H1	EPI_ISL_415493
H1	EPI_ISL_415494
H1	EPI_ISL_415504
H1	EPI_ISL_415513
H1	EPI_ISL_415516
H1	EPI_ISL_415522
H1	EPI_ISL_415528
H1	EPI_ISL_415538
H1	EPI_ISL_415583
H1	EPI_ISL_415628
H1	EPI_ISL_415638
H1	EPI_ISL_415659
H1	EPI_ISL_415711
H1	EPI_ISL_415918
H1	EPI_ISL_415919
H1	EPI_ISL_416044
H1	EPI_ISL_416046
H1	EPI_ISL_416047
H1	EPI_ISL_416320
H1	EPI_ISL_416329
H1	EPI_ISL_416336
H1	EPI_ISL_416337
H1	EPI_ISL_416340
H1	EPI_ISL_416345
H1	EPI_ISL_416347
H1	EPI_ISL_416348
H1	EPI_ISL_416353
H1	EPI_ISL_416355
H1	EPI_ISL_416358
H1	EPI_ISL_416359
H1	EPI_ISL_416360
H1	EPI_ISL_416362
H1	EPI_ISL_416367
H1	EPI_ISL_416369
H1	EPI_ISL_416370
H1	EPI_ISL_416374
H1	EPI_ISL_416375
H1	EPI_ISL_416376
H1	EPI_ISL_416379
H1	EPI_ISL_416380
H1	EPI_ISL_416384
H1	EPI_ISL_416385
H1	EPI_ISL_416388
H1	EPI_ISL_416390
H1	EPI_ISL_416393
H1	EPI_ISL_416394
H1	EPI_ISL_416395
H1	EPI_ISL_416396
H1	EPI_ISL_416401
H1	EPI_ISL_416404
H1	EPI_ISL_416405
H1	EPI_ISL_416416
H1	EPI_ISL_416425
H1	EPI_ISL_416474
H1	EPI_ISL_416738
H1	EPI_ISL_416907
H1	EPI_ISL_417064
H1	EPI_ISL_417178
H1	EPI_ISL_417218
H1	EPI_ISL_417253
H1	EPI_ISL_417259
H1	EPI_ISL_417263
H1	EPI_ISL_417276
H1	EPI_ISL_417285
H1	EPI_ISL_417288
H1	EPI_ISL_417296
H1	EPI_ISL_417306
H1	EPI_ISL_417312
H1	EPI_ISL_417313
H1	EPI_ISL_417318
H1	EPI_ISL_417320
H1	EPI_ISL_417325
H1	EPI_ISL_417335
H1	EPI_ISL_417432
H1	EPI_ISL_417482
H1	EPI_ISL_417553
H1	EPI_ISL_417576
H1	EPI_ISL_417591
H1	EPI_ISL_417602
H1	EPI_ISL_417616
H1	EPI_ISL_417792
H1	EPI_ISL_418083
H1	EPI_ISL_418084
H1	EPI_ISL_418085
H1	EPI_ISL_418092
H1	EPI_ISL_418100
H1	EPI_ISL_418101
H1	EPI_ISL_418102
H1	EPI_ISL_418103
H1	EPI_ISL_418104
H1	EPI_ISL_418106
H1	EPI_ISL_418107
H1	EPI_ISL_418108
H1	EPI_ISL_418111
H1	EPI_ISL_418112
H1	EPI_ISL_418115
H1	EPI_ISL_418120
H1	EPI_ISL_418121
H1	EPI_ISL_418124
H1	EPI_ISL_418125
H1	EPI_ISL_418127
H1	EPI_ISL_418128
H1	EPI_ISL_418129
H1	EPI_ISL_418130
H1	EPI_ISL_418131
H1	EPI_ISL_418132
H1	EPI_ISL_418133
H1	EPI_ISL_418134
H1	EPI_ISL_418135
H1	EPI_ISL_418137
H1	EPI_ISL_418140
H1	EPI_ISL_418141
H1	EPI_ISL_418142
H1	EPI_ISL_418143
H1	EPI_ISL_418148
H1	EPI_ISL_418150
H1	EPI_ISL_418153
H1	EPI_ISL_418154
H1	EPI_ISL_418157
H1	EPI_ISL_418160
H1	EPI_ISL_418161
H1	EPI_ISL_418162
H1	EPI_ISL_418164
H1	EPI_ISL_418165
H18	EPI_ISL_407988
H18	EPI_ISL_408481
H18	EPI_ISL_412030
H18	EPI_ISL_412968
H18	EPI_ISL_413850
H18	EPI_ISL_413870
H18	EPI_ISL_413896
H18	EPI_ISL_414483
H18	EPI_ISL_414484
H18	EPI_ISL_414485
H18	EPI_ISL_414501
H18	EPI_ISL_414571
H18	EPI_ISL_415137
H18	EPI_ISL_415577
H18	EPI_ISL_415578
H18	EPI_ISL_415579
H18	EPI_ISL_415580
H18	EPI_ISL_415585
H18	EPI_ISL_415587
H18	EPI_ISL_416342
H18	EPI_ISL_416351
H18	EPI_ISL_416354
H18	EPI_ISL_416371
H18	EPI_ISL_416383
H18	EPI_ISL_416414
H18	EPI_ISL_416526
H18	EPI_ISL_416566
H18	EPI_ISL_416568
H18	EPI_ISL_416569
H18	EPI_ISL_416571
H18	EPI_ISL_416572
H18	EPI_ISL_416573
H18	EPI_ISL_416574
H18	EPI_ISL_416575
H18	EPI_ISL_416576
H18	EPI_ISL_416577
H18	EPI_ISL_416578
H18	EPI_ISL_416579
H18	EPI_ISL_416580
H18	EPI_ISL_416581
H18	EPI_ISL_416583
H18	EPI_ISL_416586
H18	EPI_ISL_416588
H18	EPI_ISL_416589
H18	EPI_ISL_416590
H18	EPI_ISL_416591
H18	EPI_ISL_416592
H18	EPI_ISL_416593
H18	EPI_ISL_416594
H18	EPI_ISL_416595
H18	EPI_ISL_416596
H18	EPI_ISL_416597
H18	EPI_ISL_416600
H18	EPI_ISL_416601
H18	EPI_ISL_416602
H18	EPI_ISL_416605
H18	EPI_ISL_416606
H18	EPI_ISL_416607
H18	EPI_ISL_416608
H18	EPI_ISL_416609
H18	EPI_ISL_416611
H18	EPI_ISL_416612
H18	EPI_ISL_416614
H18	EPI_ISL_416616
H18	EPI_ISL_416617
H18	EPI_ISL_416618
H18	EPI_ISL_416620
H18	EPI_ISL_416621
H18	EPI_ISL_416622
H18	EPI_ISL_416623
H18	EPI_ISL_416626
H18	EPI_ISL_416627
H18	EPI_ISL_416628
H18	EPI_ISL_416629
H18	EPI_ISL_416630
H18	EPI_ISL_416631
H18	EPI_ISL_416632
H18	EPI_ISL_416633
H18	EPI_ISL_416634
H18	EPI_ISL_417920
H130	EPI_ISL_416432
H130	EPI_ISL_416449
H130	EPI_ISL_416706
H130	EPI_ISL_417033
H130	EPI_ISL_417388
H130	EPI_ISL_417396
H130	EPI_ISL_417400
H130	EPI_ISL_417401
H130	EPI_ISL_417403
H130	EPI_ISL_417917
H130	EPI_ISL_417918
H144	EPI_ISL_416567
H144	EPI_ISL_416584
H144	EPI_ISL_416599
H19	EPI_ISL_408430
H19	EPI_ISL_410984
H19	EPI_ISL_411218
H117	EPI_ISL_415742
H33	EPI_ISL_412969
H33	EPI_ISL_413459
H33	EPI_ISL_416582
H33	EPI_ISL_416587
H33	EPI_ISL_416598
H33	EPI_ISL_416610
H143	EPI_ISL_416565
H143	EPI_ISL_416603
H143	EPI_ISL_416613
H143	EPI_ISL_416619
H143	EPI_ISL_416624
H148	EPI_ISL_416625
H146	EPI_ISL_416604
H21	EPI_ISL_408482
H21	EPI_ISL_412975
H21	EPI_ISL_412981
H21	EPI_ISL_413490
H21	EPI_ISL_413600
H21	EPI_ISL_414008
H21	EPI_ISL_414476
H21	EPI_ISL_414591
H21	EPI_ISL_415581
H21	EPI_ISL_416373
H21	EPI_ISL_416382
H21	EPI_ISL_416542
H21	EPI_ISL_417238
H21	EPI_ISL_417384
H21	EPI_ISL_417385
H174	EPI_ISL_417444
H42	EPI_ISL_413213
H42	EPI_ISL_413595
H42	EPI_ISL_413597
H42	EPI_ISL_413598
H42	EPI_ISL_415644
H42	EPI_ISL_416412
H42	EPI_ISL_416458
H42	EPI_ISL_416541
H42	EPI_ISL_416543
H42	EPI_ISL_417387
H42	EPI_ISL_417484
H70	EPI_ISL_414520
H70	EPI_ISL_414522
H70	EPI_ISL_417523
H70	EPI_ISL_417524
H43	EPI_ISL_413214
H43	EPI_ISL_414414
H43	EPI_ISL_417386
H53	EPI_ISL_413599
H53	EPI_ISL_417383
H53	EPI_ISL_417389
H53	EPI_ISL_417391
H53	EPI_ISL_417392
H53	EPI_ISL_417393
H53	EPI_ISL_417398
H171	EPI_ISL_417406
H122	EPI_ISL_416331
H122	EPI_ISL_416332
H116	EPI_ISL_415741
H116	EPI_ISL_415743
H116	EPI_ISL_417519
H116	EPI_ISL_417520
H116	EPI_ISL_417521
H127	EPI_ISL_416406
H127	EPI_ISL_416407
H172	EPI_ISL_417413
H78	EPI_ISL_414558
H80	EPI_ISL_414563
H48	EPI_ISL_413573
H48	EPI_ISL_413577
H48	EPI_ISL_413583
H48	EPI_ISL_414452
H48	EPI_ISL_414500
H48	EPI_ISL_414543
H48	EPI_ISL_414551
H48	EPI_ISL_415479
H48	EPI_ISL_415489
H48	EPI_ISL_415505
H48	EPI_ISL_415507
H48	EPI_ISL_415510
H48	EPI_ISL_415517
H48	EPI_ISL_415519
H48	EPI_ISL_416740
H48	EPI_ISL_417211
H48	EPI_ISL_417264
H48	EPI_ISL_417283
H48	EPI_ISL_418026
H73	EPI_ISL_414537
H73	EPI_ISL_414539
H82	EPI_ISL_414589
H82	EPI_ISL_415500
H82	EPI_ISL_415501
H82	EPI_ISL_415506
H82	EPI_ISL_415508
H82	EPI_ISL_415509
H82	EPI_ISL_415524
H82	EPI_ISL_417460
H82	EPI_ISL_417880
H72	EPI_ISL_414536
H72	EPI_ISL_414544
H72	EPI_ISL_415521
H45	EPI_ISL_413488
H45	EPI_ISL_414497
H45	EPI_ISL_414499
H45	EPI_ISL_414505
H45	EPI_ISL_414509
H45	EPI_ISL_415464
H45	EPI_ISL_415495
H45	EPI_ISL_415531
H45	EPI_ISL_416033
H45	EPI_ISL_416488
H45	EPI_ISL_417412
H45	EPI_ISL_417459
H45	EPI_ISL_417461
H45	EPI_ISL_417462
H45	EPI_ISL_417759
H45	EPI_ISL_417793
H45	EPI_ISL_417958
H45	EPI_ISL_418117
H114	EPI_ISL_415657
H114	EPI_ISL_415920
H114	EPI_ISL_418110
H114	EPI_ISL_418136
H114	EPI_ISL_418144
H114	EPI_ISL_418145
H114	EPI_ISL_418147
H114	EPI_ISL_418151
H114	EPI_ISL_418155
H114	EPI_ISL_418156
H114	EPI_ISL_418158
H114	EPI_ISL_418159
H114	EPI_ISL_418163
H124	EPI_ISL_416389
H25	EPI_ISL_411957
H25	EPI_ISL_414684
H25	EPI_ISL_414685
H25	EPI_ISL_414686
H17	EPI_ISL_407987
H17	EPI_ISL_410537
H17	EPI_ISL_416829
H17	EPI_ISL_416866
H17	EPI_ISL_416884
H24	EPI_ISL_410301
H23	EPI_ISL_409067
H9	EPI_ISL_406534
H9	EPI_ISL_406594
H9	EPI_ISL_408008
H9	EPI_ISL_408009
H9	EPI_ISL_413014
H9	EPI_ISL_413015
H9	EPI_ISL_416365
H10	EPI_ISL_406535
H10	EPI_ISL_406536
H10	EPI_ISL_408670
H10	EPI_ISL_410719
H10	EPI_ISL_411066
H10	EPI_ISL_412967
H10	EPI_ISL_413522
H10	EPI_ISL_416324
H10	EPI_ISL_416398
H3	EPI_ISL_403936
H3	EPI_ISL_403937
H3	EPI_ISL_406531
H3	EPI_ISL_408010
H3	EPI_ISL_411952
H3	EPI_ISL_416321
H13	EPI_ISL_406801
H13	EPI_ISL_407071
H13	EPI_ISL_407073
H13	EPI_ISL_407893
H13	EPI_ISL_407976
H13	EPI_ISL_408483
H13	EPI_ISL_408489
H13	EPI_ISL_411926
H13	EPI_ISL_412869
H13	EPI_ISL_412978
H13	EPI_ISL_412979
H13	EPI_ISL_412980
H13	EPI_ISL_412983
H13	EPI_ISL_413485
H13	EPI_ISL_413523
H13	EPI_ISL_413691
H13	EPI_ISL_413695
H13	EPI_ISL_413729
H13	EPI_ISL_413746
H13	EPI_ISL_413747
H13	EPI_ISL_413748
H13	EPI_ISL_413749
H13	EPI_ISL_413750
H13	EPI_ISL_413751
H13	EPI_ISL_413752
H13	EPI_ISL_413854
H13	EPI_ISL_413856
H13	EPI_ISL_413858
H13	EPI_ISL_413859
H13	EPI_ISL_413860
H13	EPI_ISL_413867
H13	EPI_ISL_413873
H13	EPI_ISL_413889
H13	EPI_ISL_413897
H13	EPI_ISL_414378
H13	EPI_ISL_414379
H13	EPI_ISL_414380
H13	EPI_ISL_414496
H13	EPI_ISL_414577
H13	EPI_ISL_414578
H13	EPI_ISL_414689
H13	EPI_ISL_414690
H13	EPI_ISL_414691
H13	EPI_ISL_414934
H13	EPI_ISL_416042
H13	EPI_ISL_416322
H13	EPI_ISL_416323
H13	EPI_ISL_416326
H13	EPI_ISL_416328
H13	EPI_ISL_416330
H13	EPI_ISL_416333
H13	EPI_ISL_416339
H13	EPI_ISL_416343
H13	EPI_ISL_416344
H13	EPI_ISL_416352
H13	EPI_ISL_416357
H13	EPI_ISL_416368
H13	EPI_ISL_416378
H13	EPI_ISL_416402
H13	EPI_ISL_416483
H13	EPI_ISL_416485
H13	EPI_ISL_416885
H13	EPI_ISL_417176
H13	EPI_ISL_417205
H13	EPI_ISL_417206
H13	EPI_ISL_417518
H13	EPI_ISL_417924
H13	EPI_ISL_417979
H13	EPI_ISL_417980
H13	EPI_ISL_418027
H13	EPI_ISL_418146
H13	EPI_ISL_418252
H142	EPI_ISL_416539
H6	EPI_ISL_406034
H6	EPI_ISL_408484
H6	EPI_ISL_408485
H6	EPI_ISL_408668
H6	EPI_ISL_410045
H6	EPI_ISL_416338
H6	EPI_ISL_416341
H6	EPI_ISL_416381
H6	EPI_ISL_416409
H6	EPI_ISL_416427
H6	EPI_ISL_416429
H26	EPI_ISL_412028
H141	EPI_ISL_416538
H141	EPI_ISL_418045
H4	EPI_ISL_404895
H4	EPI_ISL_407214
H4	EPI_ISL_407215
H4	EPI_ISL_408478
H4	EPI_ISL_408487
H4	EPI_ISL_411060
H4	EPI_ISL_413855
H4	EPI_ISL_413862
H4	EPI_ISL_416473
H4	EPI_ISL_416886
H129	EPI_ISL_416419
H129	EPI_ISL_416421
H108	EPI_ISL_415584
H108	EPI_ISL_415588
H44	EPI_ISL_413455
H44	EPI_ISL_413456
H44	EPI_ISL_413457
H44	EPI_ISL_413458
H44	EPI_ISL_413557
H44	EPI_ISL_413560
H44	EPI_ISL_413562
H44	EPI_ISL_413563
H44	EPI_ISL_413601
H44	EPI_ISL_413649
H44	EPI_ISL_413652
H44	EPI_ISL_413653
H44	EPI_ISL_413922
H44	EPI_ISL_413924
H44	EPI_ISL_414363
H44	EPI_ISL_414364
H44	EPI_ISL_414365
H44	EPI_ISL_414366
H44	EPI_ISL_414367
H44	EPI_ISL_414368
H44	EPI_ISL_414369
H44	EPI_ISL_414590
H44	EPI_ISL_414592
H44	EPI_ISL_414593
H44	EPI_ISL_414596
H44	EPI_ISL_414597
H44	EPI_ISL_414619
H44	EPI_ISL_414620
H44	EPI_ISL_414621
H44	EPI_ISL_415541
H44	EPI_ISL_415542
H44	EPI_ISL_415586
H44	EPI_ISL_415589
H44	EPI_ISL_415591
H44	EPI_ISL_415592
H44	EPI_ISL_415593
H44	EPI_ISL_415594
H44	EPI_ISL_415595
H44	EPI_ISL_415598
H44	EPI_ISL_415599
H44	EPI_ISL_415603
H44	EPI_ISL_415604
H44	EPI_ISL_415606
H44	EPI_ISL_415610
H44	EPI_ISL_415612
H44	EPI_ISL_415613
H44	EPI_ISL_415614
H44	EPI_ISL_415615
H44	EPI_ISL_415616
H44	EPI_ISL_415617
H44	EPI_ISL_415618
H44	EPI_ISL_415619
H44	EPI_ISL_415621
H44	EPI_ISL_415622
H44	EPI_ISL_415623
H44	EPI_ISL_415626
H44	EPI_ISL_415627
H44	EPI_ISL_416417
H44	EPI_ISL_416423
H44	EPI_ISL_416424
H44	EPI_ISL_416433
H44	EPI_ISL_416436
H44	EPI_ISL_416437
H44	EPI_ISL_416441
H44	EPI_ISL_416442
H44	EPI_ISL_416443
H44	EPI_ISL_416444
H44	EPI_ISL_416445
H44	EPI_ISL_416446
H44	EPI_ISL_416448
H44	EPI_ISL_416450
H44	EPI_ISL_416451
H44	EPI_ISL_416454
H44	EPI_ISL_416455
H44	EPI_ISL_416456
H44	EPI_ISL_416460
H44	EPI_ISL_416461
H44	EPI_ISL_416465
H44	EPI_ISL_416514
H44	EPI_ISL_416636
H44	EPI_ISL_416637
H44	EPI_ISL_416638
H44	EPI_ISL_416639
H44	EPI_ISL_416640
H44	EPI_ISL_416641
H44	EPI_ISL_416643
H44	EPI_ISL_416644
H44	EPI_ISL_416645
H44	EPI_ISL_416652
H44	EPI_ISL_416654
H44	EPI_ISL_416656
H44	EPI_ISL_416659
H44	EPI_ISL_416662
H44	EPI_ISL_416663
H44	EPI_ISL_416665
H44	EPI_ISL_416666
H44	EPI_ISL_416669
H44	EPI_ISL_416670
H44	EPI_ISL_416679
H44	EPI_ISL_416680
H44	EPI_ISL_416681
H44	EPI_ISL_416683
H44	EPI_ISL_416685
H44	EPI_ISL_416686
H44	EPI_ISL_416687
H44	EPI_ISL_416688
H44	EPI_ISL_416689
H44	EPI_ISL_416690
H44	EPI_ISL_416692
H44	EPI_ISL_416695
H44	EPI_ISL_416701
H44	EPI_ISL_416702
H44	EPI_ISL_416703
H44	EPI_ISL_416705
H44	EPI_ISL_416709
H44	EPI_ISL_416710
H44	EPI_ISL_416711
H44	EPI_ISL_416712
H44	EPI_ISL_416714
H44	EPI_ISL_416715
H44	EPI_ISL_416717
H44	EPI_ISL_416718
H44	EPI_ISL_416720
H44	EPI_ISL_416721
H44	EPI_ISL_416722
H44	EPI_ISL_416726
H44	EPI_ISL_416727
H44	EPI_ISL_417028
H44	EPI_ISL_417065
H44	EPI_ISL_417066
H44	EPI_ISL_417067
H44	EPI_ISL_417068
H44	EPI_ISL_417069
H44	EPI_ISL_417070
H44	EPI_ISL_417071
H44	EPI_ISL_417074
H44	EPI_ISL_417077
H44	EPI_ISL_417078
H44	EPI_ISL_417079
H44	EPI_ISL_417080
H44	EPI_ISL_417082
H44	EPI_ISL_417083
H44	EPI_ISL_417084
H44	EPI_ISL_417086
H44	EPI_ISL_417087
H44	EPI_ISL_417088
H44	EPI_ISL_417089
H44	EPI_ISL_417090
H44	EPI_ISL_417091
H44	EPI_ISL_417092
H44	EPI_ISL_417093
H44	EPI_ISL_417094
H44	EPI_ISL_417096
H44	EPI_ISL_417097
H44	EPI_ISL_417098
H44	EPI_ISL_417099
H44	EPI_ISL_417102
H44	EPI_ISL_417103
H44	EPI_ISL_417104
H44	EPI_ISL_417105
H44	EPI_ISL_417106
H44	EPI_ISL_417107
H44	EPI_ISL_417108
H44	EPI_ISL_417109
H44	EPI_ISL_417110
H44	EPI_ISL_417112
H44	EPI_ISL_417113
H44	EPI_ISL_417114
H44	EPI_ISL_417115
H44	EPI_ISL_417116
H44	EPI_ISL_417117
H44	EPI_ISL_417118
H44	EPI_ISL_417119
H44	EPI_ISL_417120
H44	EPI_ISL_417121
H44	EPI_ISL_417122
H44	EPI_ISL_417123
H44	EPI_ISL_417124
H44	EPI_ISL_417125
H44	EPI_ISL_417127
H44	EPI_ISL_417128
H44	EPI_ISL_417129
H44	EPI_ISL_417130
H44	EPI_ISL_417131
H44	EPI_ISL_417132
H44	EPI_ISL_417133
H44	EPI_ISL_417134
H44	EPI_ISL_417135
H44	EPI_ISL_417136
H44	EPI_ISL_417137
H44	EPI_ISL_417138
H44	EPI_ISL_417140
H44	EPI_ISL_417141
H44	EPI_ISL_417142
H44	EPI_ISL_417143
H44	EPI_ISL_417144
H44	EPI_ISL_417145
H44	EPI_ISL_417146
H44	EPI_ISL_417148
H44	EPI_ISL_417149
H44	EPI_ISL_417150
H44	EPI_ISL_417151
H44	EPI_ISL_417152
H44	EPI_ISL_417153
H44	EPI_ISL_417154
H44	EPI_ISL_417155
H44	EPI_ISL_417156
H44	EPI_ISL_417157
H44	EPI_ISL_417158
H44	EPI_ISL_417161
H44	EPI_ISL_417162
H44	EPI_ISL_417164
H44	EPI_ISL_417165
H44	EPI_ISL_417166
H44	EPI_ISL_417167
H44	EPI_ISL_417168
H44	EPI_ISL_417169
H44	EPI_ISL_417170
H44	EPI_ISL_417171
H44	EPI_ISL_417172
H44	EPI_ISL_417173
H44	EPI_ISL_417174
H44	EPI_ISL_417175
H44	EPI_ISL_417203
H44	EPI_ISL_417323
H44	EPI_ISL_417324
H44	EPI_ISL_417332
H44	EPI_ISL_417344
H44	EPI_ISL_417349
H44	EPI_ISL_417350
H44	EPI_ISL_417351
H44	EPI_ISL_417354
H44	EPI_ISL_417355
H44	EPI_ISL_417357
H44	EPI_ISL_417358
H44	EPI_ISL_417360
H44	EPI_ISL_417361
H44	EPI_ISL_417364
H44	EPI_ISL_417365
H44	EPI_ISL_417366
H44	EPI_ISL_417368
H44	EPI_ISL_417371
H44	EPI_ISL_417375
H44	EPI_ISL_417377
H44	EPI_ISL_417449
H44	EPI_ISL_417450
H44	EPI_ISL_417456
H44	EPI_ISL_417507
H44	EPI_ISL_417960
H44	EPI_ISL_417962
H44	EPI_ISL_417964
H44	EPI_ISL_417965
H44	EPI_ISL_417966
H44	EPI_ISL_417968
H44	EPI_ISL_418030
H44	EPI_ISL_418034
H44	EPI_ISL_418038
H44	EPI_ISL_418040
H44	EPI_ISL_418046
H44	EPI_ISL_418047
H44	EPI_ISL_418048
H44	EPI_ISL_418050
H44	EPI_ISL_418059
H44	EPI_ISL_418061
H44	EPI_ISL_418063
H44	EPI_ISL_418064
H44	EPI_ISL_418065
H44	EPI_ISL_418066
H44	EPI_ISL_418069
H44	EPI_ISL_418070
H44	EPI_ISL_418074
H44	EPI_ISL_418075
H44	EPI_ISL_418078
H44	EPI_ISL_418079
H44	EPI_ISL_418082
H44	EPI_ISL_418113
H44	EPI_ISL_418187
H44	EPI_ISL_418189
H61	EPI_ISL_413925
H61	EPI_ISL_413926
H61	EPI_ISL_413928
H61	EPI_ISL_413931
H61	EPI_ISL_414588
H169	EPI_ISL_417369
H110	EPI_ISL_415608
H110	EPI_ISL_415609
H110	EPI_ISL_415624
H110	EPI_ISL_416650
H110	EPI_ISL_416651
H110	EPI_ISL_416684
H110	EPI_ISL_417378
H160	EPI_ISL_417147
H150	EPI_ISL_416657
H159	EPI_ISL_417126
H168	EPI_ISL_417367
H165	EPI_ISL_417348
H154	EPI_ISL_416728
H85	EPI_ISL_414617
H131	EPI_ISL_416447
H131	EPI_ISL_417081
H131	EPI_ISL_417085
H131	EPI_ISL_418055
H131	EPI_ISL_418077
H166	EPI_ISL_417353
H166	EPI_ISL_417380
H128	EPI_ISL_416413
H128	EPI_ISL_417031
H128	EPI_ISL_417194
H128	EPI_ISL_417395
H128	EPI_ISL_417477
H128	EPI_ISL_417500
H128	EPI_ISL_417504
H128	EPI_ISL_417587
H128	EPI_ISL_418062
H186	EPI_ISL_417618
H186	EPI_ISL_417720
H183	EPI_ISL_417577
H183	EPI_ISL_417615
H183	EPI_ISL_417717
H183	EPI_ISL_417724
H183	EPI_ISL_417762
H183	EPI_ISL_417789
H183	EPI_ISL_417791
H183	EPI_ISL_417818
H197	EPI_ISL_417871
H83	EPI_ISL_414595
H83	EPI_ISL_414622
H83	EPI_ISL_415602
H83	EPI_ISL_416439
H83	EPI_ISL_416453
H83	EPI_ISL_417448
H34	EPI_ISL_412970
H34	EPI_ISL_413486
H34	EPI_ISL_413487
H34	EPI_ISL_415600
H34	EPI_ISL_416435
H34	EPI_ISL_416462
H34	EPI_ISL_417095
H34	EPI_ISL_417100
H34	EPI_ISL_417101
H34	EPI_ISL_417347
H152	EPI_ISL_416664
H58	EPI_ISL_413650
H58	EPI_ISL_413651
H58	EPI_ISL_414618
H58	EPI_ISL_415596
H58	EPI_ISL_415605
H58	EPI_ISL_417072
H58	EPI_ISL_417073
H58	EPI_ISL_417075
H58	EPI_ISL_417076
H58	EPI_ISL_417111
H58	EPI_ISL_417139
H58	EPI_ISL_417159
H58	EPI_ISL_417160
H58	EPI_ISL_418029
H58	EPI_ISL_418071
H111	EPI_ISL_415611
H111	EPI_ISL_415620
H111	EPI_ISL_416635
H111	EPI_ISL_416649
H111	EPI_ISL_416668
H111	EPI_ISL_416682
H111	EPI_ISL_416694
H111	EPI_ISL_416713
H111	EPI_ISL_417356
H111	EPI_ISL_417370
H111	EPI_ISL_417381
H111	EPI_ISL_417453
H167	EPI_ISL_417363
H132	EPI_ISL_416466
H132	EPI_ISL_416667
H132	EPI_ISL_416677
H132	EPI_ISL_417163
H132	EPI_ISL_417374
H132	EPI_ISL_417480
H132	EPI_ISL_417503
H153	EPI_ISL_416700
H109	EPI_ISL_415607
H109	EPI_ISL_416440
H123	EPI_ISL_416372
H203	EPI_ISL_417981
H81	EPI_ISL_414579
H81	EPI_ISL_414598
H81	EPI_ISL_414600
H81	EPI_ISL_414623
H81	EPI_ISL_415151
H81	EPI_ISL_415503
H81	EPI_ISL_415658
H81	EPI_ISL_415660
H81	EPI_ISL_415661
H81	EPI_ISL_416477
H81	EPI_ISL_416484
H81	EPI_ISL_416487
H81	EPI_ISL_416994
H81	EPI_ISL_417034
H81	EPI_ISL_417961
H81	EPI_ISL_418216
H2	EPI_ISL_403932
H2	EPI_ISL_403933
H2	EPI_ISL_403935
H2	EPI_ISL_405839
H2	EPI_ISL_406030
H2	EPI_ISL_406593
H2	EPI_ISL_408665
H2	EPI_ISL_408666
H2	EPI_ISL_408667
H2	EPI_ISL_411956
H2	EPI_ISL_413809
H2	EPI_ISL_414521
H2	EPI_ISL_414688
H2	EPI_ISL_416318
H2	EPI_ISL_416319
H2	EPI_ISL_416366
H2	EPI_ISL_416377
H2	EPI_ISL_417030
H7	EPI_ISL_406223
H20	EPI_ISL_408480
H20	EPI_ISL_416392
H147	EPI_ISL_416615
H30	EPI_ISL_412873
H11	EPI_ISL_406592
H213	EPI_ISL_402131
H15	EPI_ISL_407193
H15	EPI_ISL_412870
H15	EPI_ISL_412871
H15	EPI_ISL_413513
H15	EPI_ISL_413514
H15	EPI_ISL_413515
H15	EPI_ISL_413516
H15	EPI_ISL_413518
H15	EPI_ISL_413519
H15	EPI_ISL_413520
H15	EPI_ISL_413521
H37	EPI_ISL_413017
H35	EPI_ISL_412982
H59	EPI_ISL_413697
H59	EPI_ISL_413761
H59	EPI_ISL_413791
H59	EPI_ISL_416335
H59	EPI_ISL_416350
H16	EPI_ISL_407894
H16	EPI_ISL_407896
H16	EPI_ISL_410535
H16	EPI_ISL_410717
H16	EPI_ISL_410718
H16	EPI_ISL_411954
H16	EPI_ISL_413853
H16	EPI_ISL_416316
H16	EPI_ISL_416317
H16	EPI_ISL_416403
H16	EPI_ISL_416415
H16	EPI_ISL_416696
H99	EPI_ISL_415461
H99	EPI_ISL_415526
H99	EPI_ISL_417200
H99	EPI_ISL_417201
H99	EPI_ISL_417514
H77	EPI_ISL_414555
H91	EPI_ISL_414936
H91	EPI_ISL_414937
H91	EPI_ISL_414938
H91	EPI_ISL_414939
H91	EPI_ISL_414940
H91	EPI_ISL_414941
H60	EPI_ISL_413711
H126	EPI_ISL_416399
H29	EPI_ISL_412862
H29	EPI_ISL_413558
H29	EPI_ISL_413559
H29	EPI_ISL_413561
H55	EPI_ISL_413609
H55	EPI_ISL_413617
H66	EPI_ISL_414430
H14	EPI_ISL_406862
H14	EPI_ISL_414640
H14	EPI_ISL_416327
H14	EPI_ISL_416334
H14	EPI_ISL_416386
H14	EPI_ISL_417471
H14	EPI_ISL_417494
H32	EPI_ISL_412964
H32	EPI_ISL_412971
H32	EPI_ISL_412973
H32	EPI_ISL_413555
H32	EPI_ISL_413566
H32	EPI_ISL_413575
H32	EPI_ISL_413591
H32	EPI_ISL_413602
H32	EPI_ISL_414015
H32	EPI_ISL_414016
H32	EPI_ISL_414025
H32	EPI_ISL_414045
H32	EPI_ISL_414437
H32	EPI_ISL_414441
H32	EPI_ISL_414443
H32	EPI_ISL_414445
H32	EPI_ISL_414450
H32	EPI_ISL_414453
H32	EPI_ISL_414456
H32	EPI_ISL_414457
H32	EPI_ISL_414465
H32	EPI_ISL_414477
H32	EPI_ISL_414495
H32	EPI_ISL_414525
H32	EPI_ISL_414530
H32	EPI_ISL_414585
H32	EPI_ISL_414586
H32	EPI_ISL_414587
H32	EPI_ISL_414594
H32	EPI_ISL_414631
H32	EPI_ISL_414648
H32	EPI_ISL_414949
H32	EPI_ISL_415131
H32	EPI_ISL_415133
H32	EPI_ISL_415135
H32	EPI_ISL_415136
H32	EPI_ISL_415140
H32	EPI_ISL_415146
H32	EPI_ISL_415147
H32	EPI_ISL_415150
H32	EPI_ISL_415152
H32	EPI_ISL_415156
H32	EPI_ISL_415435
H32	EPI_ISL_415453
H32	EPI_ISL_415472
H32	EPI_ISL_415480
H32	EPI_ISL_415536
H32	EPI_ISL_415601
H32	EPI_ISL_415629
H32	EPI_ISL_415637
H32	EPI_ISL_415639
H32	EPI_ISL_415642
H32	EPI_ISL_415647
H32	EPI_ISL_415653
H32	EPI_ISL_415655
H32	EPI_ISL_415696
H32	EPI_ISL_415708
H32	EPI_ISL_415978
H32	EPI_ISL_416026
H32	EPI_ISL_416031
H32	EPI_ISL_416141
H32	EPI_ISL_416144
H32	EPI_ISL_416420
H32	EPI_ISL_416470
H32	EPI_ISL_416524
H32	EPI_ISL_416525
H32	EPI_ISL_416658
H32	EPI_ISL_416673
H32	EPI_ISL_416735
H32	EPI_ISL_416742
H32	EPI_ISL_416832
H32	EPI_ISL_417013
H32	EPI_ISL_417024
H32	EPI_ISL_417026
H32	EPI_ISL_417027
H32	EPI_ISL_417032
H32	EPI_ISL_417186
H32	EPI_ISL_417198
H32	EPI_ISL_417202
H32	EPI_ISL_417214
H32	EPI_ISL_417220
H32	EPI_ISL_417221
H32	EPI_ISL_417222
H32	EPI_ISL_417223
H32	EPI_ISL_417224
H32	EPI_ISL_417227
H32	EPI_ISL_417228
H32	EPI_ISL_417237
H32	EPI_ISL_417245
H32	EPI_ISL_417247
H32	EPI_ISL_417251
H32	EPI_ISL_417257
H32	EPI_ISL_417266
H32	EPI_ISL_417304
H32	EPI_ISL_417310
H32	EPI_ISL_417397
H32	EPI_ISL_417418
H32	EPI_ISL_417419
H32	EPI_ISL_417421
H32	EPI_ISL_417423
H32	EPI_ISL_417430
H32	EPI_ISL_417434
H32	EPI_ISL_417441
H32	EPI_ISL_417445
H32	EPI_ISL_417446
H32	EPI_ISL_417447
H32	EPI_ISL_417470
H32	EPI_ISL_417472
H32	EPI_ISL_417473
H32	EPI_ISL_417479
H32	EPI_ISL_417481
H32	EPI_ISL_417493
H32	EPI_ISL_417495
H32	EPI_ISL_417496
H32	EPI_ISL_417502
H32	EPI_ISL_417515
H32	EPI_ISL_417535
H32	EPI_ISL_417572
H32	EPI_ISL_417592
H32	EPI_ISL_417638
H32	EPI_ISL_417691
H32	EPI_ISL_417708
H32	EPI_ISL_417727
H32	EPI_ISL_417730
H32	EPI_ISL_417821
H32	EPI_ISL_417831
H32	EPI_ISL_417921
H32	EPI_ISL_417941
H32	EPI_ISL_417972
H32	EPI_ISL_417973
H32	EPI_ISL_417974
H32	EPI_ISL_417990
H32	EPI_ISL_418017
H32	EPI_ISL_418122
H32	EPI_ISL_418138
H32	EPI_ISL_418139
H32	EPI_ISL_418152
H32	EPI_ISL_418166
H32	EPI_ISL_418210
H32	EPI_ISL_418211
H32	EPI_ISL_418212
H32	EPI_ISL_418213
H32	EPI_ISL_418214
H32	EPI_ISL_418215
H62	EPI_ISL_413999
H62	EPI_ISL_414010
H62	EPI_ISL_414027
H62	EPI_ISL_414524
H62	EPI_ISL_414646
H62	EPI_ISL_416741
H62	EPI_ISL_417016
H62	EPI_ISL_417019
H62	EPI_ISL_417424
H62	EPI_ISL_417491
H62	EPI_ISL_417550
H62	EPI_ISL_417560
H62	EPI_ISL_417563
H62	EPI_ISL_417652
H62	EPI_ISL_417694
H62	EPI_ISL_417740
H62	EPI_ISL_417746
H62	EPI_ISL_417758
H62	EPI_ISL_417763
H62	EPI_ISL_417775
H62	EPI_ISL_417799
H62	EPI_ISL_417812
H62	EPI_ISL_417948
H62	EPI_ISL_417955
H62	EPI_ISL_417989
H198	EPI_ISL_417877
H92	EPI_ISL_415153
H92	EPI_ISL_416143
H94	EPI_ISL_415155
H93	EPI_ISL_415154
H93	EPI_ISL_416469
H63	EPI_ISL_414019
H63	EPI_ISL_414020
H63	EPI_ISL_416426
H63	EPI_ISL_416481
H63	EPI_ISL_417007
H63	EPI_ISL_417010
H63	EPI_ISL_417402
H63	EPI_ISL_417639
H63	EPI_ISL_417814
H63	EPI_ISL_417820
H63	EPI_ISL_417923
H63	EPI_ISL_417954
H63	EPI_ISL_417963
H63	EPI_ISL_417978
H63	EPI_ISL_418116
H63	EPI_ISL_418168
H63	EPI_ISL_418183
H192	EPI_ISL_417744
H201	EPI_ISL_417969
H177	EPI_ISL_417536
H177	EPI_ISL_417537
H177	EPI_ISL_417542
H177	EPI_ISL_417543
H177	EPI_ISL_417549
H177	EPI_ISL_417552
H177	EPI_ISL_417573
H177	EPI_ISL_417583
H177	EPI_ISL_417586
H177	EPI_ISL_417588
H177	EPI_ISL_417597
H177	EPI_ISL_417599
H177	EPI_ISL_417600
H177	EPI_ISL_417612
H177	EPI_ISL_417613
H177	EPI_ISL_417623
H177	EPI_ISL_417625
H177	EPI_ISL_417626
H177	EPI_ISL_417630
H177	EPI_ISL_417633
H177	EPI_ISL_417634
H177	EPI_ISL_417635
H177	EPI_ISL_417636
H177	EPI_ISL_417640
H177	EPI_ISL_417645
H177	EPI_ISL_417650
H177	EPI_ISL_417676
H177	EPI_ISL_417678
H177	EPI_ISL_417680
H177	EPI_ISL_417703
H177	EPI_ISL_417709
H177	EPI_ISL_417712
H177	EPI_ISL_417739
H177	EPI_ISL_417741
H177	EPI_ISL_417745
H177	EPI_ISL_417753
H177	EPI_ISL_417755
H177	EPI_ISL_417774
H177	EPI_ISL_417786
H177	EPI_ISL_417790
H177	EPI_ISL_417808
H177	EPI_ISL_417809
H177	EPI_ISL_417810
H177	EPI_ISL_417824
H177	EPI_ISL_417827
H177	EPI_ISL_417836
H138	EPI_ISL_416489
H138	EPI_ISL_417967
H205	EPI_ISL_418009
H185	EPI_ISL_417609
H185	EPI_ISL_417647
H185	EPI_ISL_417956
H200	EPI_ISL_417957
H200	EPI_ISL_418182
H194	EPI_ISL_417766
H194	EPI_ISL_417770
H194	EPI_ISL_417777
H194	EPI_ISL_417798
H79	EPI_ISL_414559
H79	EPI_ISL_417959
H136	EPI_ISL_416479
H212	EPI_ISL_418251
H52	EPI_ISL_413593
H52	EPI_ISL_415640
H52	EPI_ISL_415646
H52	EPI_ISL_417485
H52	EPI_ISL_417556
H71	EPI_ISL_414523
H71	EPI_ISL_414526
H71	EPI_ISL_415134
H71	EPI_ISL_415141
H71	EPI_ISL_416731
H71	EPI_ISL_417217
H71	EPI_ISL_417226
H71	EPI_ISL_417231
H71	EPI_ISL_417240
H71	EPI_ISL_417255
H71	EPI_ISL_417589
H71	EPI_ISL_417754
H137	EPI_ISL_416482
H137	EPI_ISL_417233
H137	EPI_ISL_417248
H137	EPI_ISL_417301
H137	EPI_ISL_417302
H137	EPI_ISL_417695
H137	EPI_ISL_417698
H137	EPI_ISL_417736
H137	EPI_ISL_417749
H137	EPI_ISL_417997
H137	EPI_ISL_417998
H137	EPI_ISL_417999
H137	EPI_ISL_418003
H181	EPI_ISL_417565
H181	EPI_ISL_417637
H181	EPI_ISL_417646
H181	EPI_ISL_417651
H181	EPI_ISL_417839
H31	EPI_ISL_412912
H31	EPI_ISL_412972
H31	EPI_ISL_413021
H31	EPI_ISL_413022
H31	EPI_ISL_413221
H31	EPI_ISL_413550
H31	EPI_ISL_413556
H31	EPI_ISL_413565
H31	EPI_ISL_413569
H31	EPI_ISL_413570
H31	EPI_ISL_413571
H31	EPI_ISL_413574
H31	EPI_ISL_413579
H31	EPI_ISL_413587
H31	EPI_ISL_414012
H31	EPI_ISL_414023
H31	EPI_ISL_414424
H31	EPI_ISL_414425
H31	EPI_ISL_414434
H31	EPI_ISL_414436
H31	EPI_ISL_414438
H31	EPI_ISL_414440
H31	EPI_ISL_414442
H31	EPI_ISL_414444
H31	EPI_ISL_414448
H31	EPI_ISL_414449
H31	EPI_ISL_414454
H31	EPI_ISL_414455
H31	EPI_ISL_414460
H31	EPI_ISL_414463
H31	EPI_ISL_414464
H31	EPI_ISL_414466
H31	EPI_ISL_414469
H31	EPI_ISL_414470
H31	EPI_ISL_414471
H31	EPI_ISL_414486
H31	EPI_ISL_414488
H31	EPI_ISL_414507
H31	EPI_ISL_414535
H31	EPI_ISL_414548
H31	EPI_ISL_414556
H31	EPI_ISL_414560
H31	EPI_ISL_414566
H31	EPI_ISL_414580
H31	EPI_ISL_414584
H31	EPI_ISL_414644
H31	EPI_ISL_415041
H31	EPI_ISL_415129
H31	EPI_ISL_415138
H31	EPI_ISL_415145
H31	EPI_ISL_415454
H31	EPI_ISL_415457
H31	EPI_ISL_415459
H31	EPI_ISL_415476
H31	EPI_ISL_415532
H31	EPI_ISL_415632
H31	EPI_ISL_415633
H31	EPI_ISL_415634
H31	EPI_ISL_415635
H31	EPI_ISL_415636
H31	EPI_ISL_415656
H31	EPI_ISL_415698
H31	EPI_ISL_415699
H31	EPI_ISL_415700
H31	EPI_ISL_415703
H31	EPI_ISL_415787
H31	EPI_ISL_415916
H31	EPI_ISL_415977
H31	EPI_ISL_415991
H31	EPI_ISL_416036
H31	EPI_ISL_416140
H31	EPI_ISL_416142
H31	EPI_ISL_416428
H31	EPI_ISL_416430
H31	EPI_ISL_416431
H31	EPI_ISL_416472
H31	EPI_ISL_416519
H31	EPI_ISL_416520
H31	EPI_ISL_416676
H31	EPI_ISL_416697
H31	EPI_ISL_416732
H31	EPI_ISL_416734
H31	EPI_ISL_416736
H31	EPI_ISL_416737
H31	EPI_ISL_416743
H31	EPI_ISL_416997
H31	EPI_ISL_417004
H31	EPI_ISL_417012
H31	EPI_ISL_417015
H31	EPI_ISL_417196
H31	EPI_ISL_417225
H31	EPI_ISL_417229
H31	EPI_ISL_417230
H31	EPI_ISL_417241
H31	EPI_ISL_417242
H31	EPI_ISL_417243
H31	EPI_ISL_417244
H31	EPI_ISL_417249
H31	EPI_ISL_417250
H31	EPI_ISL_417258
H31	EPI_ISL_417260
H31	EPI_ISL_417265
H31	EPI_ISL_417271
H31	EPI_ISL_417273
H31	EPI_ISL_417274
H31	EPI_ISL_417278
H31	EPI_ISL_417294
H31	EPI_ISL_417297
H31	EPI_ISL_417307
H31	EPI_ISL_417308
H31	EPI_ISL_417309
H31	EPI_ISL_417311
H31	EPI_ISL_417362
H31	EPI_ISL_417407
H31	EPI_ISL_417422
H31	EPI_ISL_417425
H31	EPI_ISL_417428
H31	EPI_ISL_417458
H31	EPI_ISL_417464
H31	EPI_ISL_417509
H31	EPI_ISL_417525
H31	EPI_ISL_417538
H31	EPI_ISL_417539
H31	EPI_ISL_417546
H31	EPI_ISL_417547
H31	EPI_ISL_417564
H31	EPI_ISL_417567
H31	EPI_ISL_417581
H31	EPI_ISL_417585
H31	EPI_ISL_417595
H31	EPI_ISL_417608
H31	EPI_ISL_417619
H31	EPI_ISL_417642
H31	EPI_ISL_417643
H31	EPI_ISL_417662
H31	EPI_ISL_417663
H31	EPI_ISL_417664
H31	EPI_ISL_417674
H31	EPI_ISL_417679
H31	EPI_ISL_417697
H31	EPI_ISL_417718
H31	EPI_ISL_417729
H31	EPI_ISL_417733
H31	EPI_ISL_417738
H31	EPI_ISL_417747
H31	EPI_ISL_417751
H31	EPI_ISL_417768
H31	EPI_ISL_417769
H31	EPI_ISL_417776
H31	EPI_ISL_417781
H31	EPI_ISL_417782
H31	EPI_ISL_417783
H31	EPI_ISL_417796
H31	EPI_ISL_417807
H31	EPI_ISL_417811
H31	EPI_ISL_417813
H31	EPI_ISL_417826
H31	EPI_ISL_417843
H31	EPI_ISL_417845
H31	EPI_ISL_417922
H31	EPI_ISL_417933
H31	EPI_ISL_417993
H31	EPI_ISL_418002
H31	EPI_ISL_418004
H31	EPI_ISL_418007
H31	EPI_ISL_418008
H31	EPI_ISL_418018
H31	EPI_ISL_418019
H31	EPI_ISL_418023
H31	EPI_ISL_418056
H31	EPI_ISL_418086
H31	EPI_ISL_418087
H31	EPI_ISL_418088
H31	EPI_ISL_418089
H31	EPI_ISL_418090
H31	EPI_ISL_418091
H31	EPI_ISL_418093
H31	EPI_ISL_418094
H31	EPI_ISL_418096
H31	EPI_ISL_418114
H31	EPI_ISL_418118
H31	EPI_ISL_418167
H204	EPI_ISL_417994
H204	EPI_ISL_418011
H204	EPI_ISL_418014
H204	EPI_ISL_418015
H204	EPI_ISL_418016
H49	EPI_ISL_413584
H49	EPI_ISL_413604
H49	EPI_ISL_413647
H49	EPI_ISL_414014
H49	EPI_ISL_414017
H49	EPI_ISL_414423
H49	EPI_ISL_414433
H49	EPI_ISL_414435
H49	EPI_ISL_414439
H49	EPI_ISL_414446
H49	EPI_ISL_414552
H49	EPI_ISL_414564
H49	EPI_ISL_414643
H49	EPI_ISL_415463
H49	EPI_ISL_415471
H49	EPI_ISL_415482
H49	EPI_ISL_415496
H49	EPI_ISL_415502
H49	EPI_ISL_415514
H49	EPI_ISL_415523
H49	EPI_ISL_415529
H49	EPI_ISL_415533
H49	EPI_ISL_416028
H49	EPI_ISL_416475
H49	EPI_ISL_416730
H49	EPI_ISL_416746
H49	EPI_ISL_417014
H49	EPI_ISL_417232
H49	EPI_ISL_417235
H49	EPI_ISL_417236
H49	EPI_ISL_417252
H49	EPI_ISL_417272
H49	EPI_ISL_417287
H49	EPI_ISL_417293
H49	EPI_ISL_417295
H49	EPI_ISL_417426
H49	EPI_ISL_417427
H49	EPI_ISL_417429
H49	EPI_ISL_417571
H49	EPI_ISL_417575
H49	EPI_ISL_417681
H49	EPI_ISL_417702
H49	EPI_ISL_417728
H49	EPI_ISL_417734
H49	EPI_ISL_417817
H49	EPI_ISL_417829
H49	EPI_ISL_417841
H49	EPI_ISL_417861
H49	EPI_ISL_417863
H49	EPI_ISL_417867
H49	EPI_ISL_417868
H49	EPI_ISL_417986
H102	EPI_ISL_415475
H191	EPI_ISL_417704
H191	EPI_ISL_417815
H191	EPI_ISL_417860
H195	EPI_ISL_417800
H162	EPI_ISL_417234
H162	EPI_ISL_417256
H162	EPI_ISL_417279
H162	EPI_ISL_417343
H74	EPI_ISL_414545
H74	EPI_ISL_414557
H74	EPI_ISL_414561
H74	EPI_ISL_414562
H115	EPI_ISL_415702
H120	EPI_ISL_416034
H65	EPI_ISL_414429
H65	EPI_ISL_415467
H65	EPI_ISL_415483
H65	EPI_ISL_415498
H65	EPI_ISL_417644
H65	EPI_ISL_417684
H65	EPI_ISL_417688
H65	EPI_ISL_417828
H65	EPI_ISL_417834
H65	EPI_ISL_417840
H65	EPI_ISL_417862
H134	EPI_ISL_416468
H76	EPI_ISL_414554
H76	EPI_ISL_414641
H76	EPI_ISL_415468
H76	EPI_ISL_415497
H76	EPI_ISL_415511
H76	EPI_ISL_415530
H196	EPI_ISL_417852
H182	EPI_ISL_417566
H182	EPI_ISL_417632
H182	EPI_ISL_417713
H182	EPI_ISL_417714
H182	EPI_ISL_417757
H182	EPI_ISL_417785
H182	EPI_ISL_417795
H182	EPI_ISL_417802
H182	EPI_ISL_417876
H96	EPI_ISL_415158
H96	EPI_ISL_416471
H39	EPI_ISL_413023
H39	EPI_ISL_415105
H39	EPI_ISL_415458
H39	EPI_ISL_416029
H39	EPI_ISL_416035
H39	EPI_ISL_417404
H39	EPI_ISL_417512
H39	EPI_ISL_417561
H39	EPI_ISL_418043
H157	EPI_ISL_417021
H157	EPI_ISL_417022
H157	EPI_ISL_417023
H161	EPI_ISL_417191
H38	EPI_ISL_413020
H38	EPI_ISL_416486
H38	EPI_ISL_417298
H38	EPI_ISL_417299
H38	EPI_ISL_417992
H38	EPI_ISL_417995
H38	EPI_ISL_418001
H38	EPI_ISL_418013
H40	EPI_ISL_413024
H40	EPI_ISL_413997
H40	EPI_ISL_414021
H40	EPI_ISL_414022
H40	EPI_ISL_415455
H40	EPI_ISL_415456
H40	EPI_ISL_415701
H40	EPI_ISL_416744
H40	EPI_ISL_417390
H40	EPI_ISL_417551
H40	EPI_ISL_417816
H75	EPI_ISL_414549
H210	EPI_ISL_418235
H95	EPI_ISL_415157
H135	EPI_ISL_416476
H133	EPI_ISL_416467
H101	EPI_ISL_415473
H101	EPI_ISL_415474
H101	EPI_ISL_415485
H101	EPI_ISL_415499
H50	EPI_ISL_413588
H50	EPI_ISL_413589
H50	EPI_ISL_414461
H176	EPI_ISL_417534
H57	EPI_ISL_413648
H57	EPI_ISL_417987
H57	EPI_ISL_417988
H57	EPI_ISL_417991
H57	EPI_ISL_417996
H57	EPI_ISL_418010
H57	EPI_ISL_418012
H46	EPI_ISL_413489
H46	EPI_ISL_413996
H46	EPI_ISL_414601
H46	EPI_ISL_414624
H46	EPI_ISL_416494
H46	EPI_ISL_417529
H46	EPI_ISL_417530
H46	EPI_ISL_417533
H46	EPI_ISL_417569
H46	EPI_ISL_417610
H46	EPI_ISL_417711
H46	EPI_ISL_417764
H46	EPI_ISL_417803
H46	EPI_ISL_417851
H121	EPI_ISL_416153
H88	EPI_ISL_414629
H88	EPI_ISL_415651
H88	EPI_ISL_415652
H88	EPI_ISL_415694
H88	EPI_ISL_415695
H88	EPI_ISL_415704
H88	EPI_ISL_415705
H88	EPI_ISL_415706
H88	EPI_ISL_415707
H88	EPI_ISL_416493
H88	EPI_ISL_416499
H88	EPI_ISL_416500
H88	EPI_ISL_416745
H88	EPI_ISL_416747
H88	EPI_ISL_416749
H88	EPI_ISL_416750
H88	EPI_ISL_416751
H88	EPI_ISL_416752
H88	EPI_ISL_416754
H88	EPI_ISL_416756
H88	EPI_ISL_416757
H88	EPI_ISL_417333
H88	EPI_ISL_417334
H88	EPI_ISL_417337
H88	EPI_ISL_417339
H88	EPI_ISL_417437
H88	EPI_ISL_417438
H88	EPI_ISL_417442
H88	EPI_ISL_417526
H88	EPI_ISL_417527
H88	EPI_ISL_417942
H88	EPI_ISL_417946
H88	EPI_ISL_417947
H88	EPI_ISL_418024
H88	EPI_ISL_418230
H88	EPI_ISL_418231
H88	EPI_ISL_418234
H88	EPI_ISL_418240
H187	EPI_ISL_417624
H187	EPI_ISL_417737
H187	EPI_ISL_417788
H187	EPI_ISL_417819
H208	EPI_ISL_418222
H100	EPI_ISL_415462
H100	EPI_ISL_415488
H100	EPI_ISL_415518
H100	EPI_ISL_415520
H100	EPI_ISL_417582
H100	EPI_ISL_417641
H105	EPI_ISL_415535
H105	EPI_ISL_417617
H105	EPI_ISL_417622
H105	EPI_ISL_417706
H105	EPI_ISL_417743
H105	EPI_ISL_417804
H105	EPI_ISL_417823
H105	EPI_ISL_417837
H64	EPI_ISL_414428
H87	EPI_ISL_414628
H87	EPI_ISL_414647
H87	EPI_ISL_415710
H87	EPI_ISL_416517
H87	EPI_ISL_416758
H87	EPI_ISL_417336
H87	EPI_ISL_418219
H51	EPI_ISL_413592
H51	EPI_ISL_416521
H51	EPI_ISL_416522
H51	EPI_ISL_416671
H51	EPI_ISL_416674
H51	EPI_ISL_416831
H51	EPI_ISL_417192
H51	EPI_ISL_417372
H51	EPI_ISL_417452
H51	EPI_ISL_417506
H51	EPI_ISL_417508
H51	EPI_ISL_417510
H51	EPI_ISL_417513
H51	EPI_ISL_417944
H51	EPI_ISL_418006
H156	EPI_ISL_417018
H47	EPI_ISL_413572
H47	EPI_ISL_414625
H47	EPI_ISL_414627
H47	EPI_ISL_414634
H47	EPI_ISL_414635
H47	EPI_ISL_414636
H47	EPI_ISL_414642
H47	EPI_ISL_415477
H47	EPI_ISL_415487
H47	EPI_ISL_415543
H47	EPI_ISL_415544
H47	EPI_ISL_415649
H47	EPI_ISL_415650
H47	EPI_ISL_415692
H47	EPI_ISL_415693
H47	EPI_ISL_416457
H47	EPI_ISL_416478
H47	EPI_ISL_416491
H47	EPI_ISL_416492
H47	EPI_ISL_416495
H47	EPI_ISL_416496
H47	EPI_ISL_416501
H47	EPI_ISL_416502
H47	EPI_ISL_416504
H47	EPI_ISL_416505
H47	EPI_ISL_416506
H47	EPI_ISL_416508
H47	EPI_ISL_416509
H47	EPI_ISL_416510
H47	EPI_ISL_416511
H47	EPI_ISL_416512
H47	EPI_ISL_416642
H47	EPI_ISL_416655
H47	EPI_ISL_416660
H47	EPI_ISL_416672
H47	EPI_ISL_416678
H47	EPI_ISL_416704
H47	EPI_ISL_416748
H47	EPI_ISL_416753
H47	EPI_ISL_416830
H47	EPI_ISL_417006
H47	EPI_ISL_417020
H47	EPI_ISL_417204
H47	EPI_ISL_417330
H47	EPI_ISL_417338
H47	EPI_ISL_417340
H47	EPI_ISL_417352
H47	EPI_ISL_417359
H47	EPI_ISL_417373
H47	EPI_ISL_417457
H47	EPI_ISL_417463
H47	EPI_ISL_417465
H47	EPI_ISL_417466
H47	EPI_ISL_417467
H47	EPI_ISL_417468
H47	EPI_ISL_417469
H47	EPI_ISL_417474
H47	EPI_ISL_417476
H47	EPI_ISL_417492
H47	EPI_ISL_417497
H47	EPI_ISL_417499
H47	EPI_ISL_417505
H47	EPI_ISL_417516
H47	EPI_ISL_417559
H47	EPI_ISL_417562
H47	EPI_ISL_417570
H47	EPI_ISL_417579
H47	EPI_ISL_417593
H47	EPI_ISL_417594
H47	EPI_ISL_417596
H47	EPI_ISL_417614
H47	EPI_ISL_417620
H47	EPI_ISL_417631
H47	EPI_ISL_417654
H47	EPI_ISL_417656
H47	EPI_ISL_417665
H47	EPI_ISL_417673
H47	EPI_ISL_417675
H47	EPI_ISL_417677
H47	EPI_ISL_417682
H47	EPI_ISL_417683
H47	EPI_ISL_417685
H47	EPI_ISL_417687
H47	EPI_ISL_417692
H47	EPI_ISL_417693
H47	EPI_ISL_417700
H47	EPI_ISL_417701
H47	EPI_ISL_417705
H47	EPI_ISL_417715
H47	EPI_ISL_417721
H47	EPI_ISL_417722
H47	EPI_ISL_417723
H47	EPI_ISL_417725
H47	EPI_ISL_417726
H47	EPI_ISL_417731
H47	EPI_ISL_417735
H47	EPI_ISL_417742
H47	EPI_ISL_417748
H47	EPI_ISL_417760
H47	EPI_ISL_417761
H47	EPI_ISL_417773
H47	EPI_ISL_417779
H47	EPI_ISL_417784
H47	EPI_ISL_417787
H47	EPI_ISL_417805
H47	EPI_ISL_417832
H47	EPI_ISL_417833
H47	EPI_ISL_417835
H47	EPI_ISL_417842
H47	EPI_ISL_417844
H47	EPI_ISL_417846
H47	EPI_ISL_417848
H47	EPI_ISL_417849
H47	EPI_ISL_417850
H47	EPI_ISL_417853
H47	EPI_ISL_417854
H47	EPI_ISL_417855
H47	EPI_ISL_417856
H47	EPI_ISL_417857
H47	EPI_ISL_417865
H47	EPI_ISL_417866
H47	EPI_ISL_417872
H47	EPI_ISL_417873
H47	EPI_ISL_417874
H47	EPI_ISL_417875
H47	EPI_ISL_417935
H47	EPI_ISL_417937
H47	EPI_ISL_417938
H47	EPI_ISL_417939
H47	EPI_ISL_417970
H47	EPI_ISL_417977
H47	EPI_ISL_418022
H47	EPI_ISL_418041
H47	EPI_ISL_418044
H47	EPI_ISL_418057
H47	EPI_ISL_418058
H47	EPI_ISL_418076
H47	EPI_ISL_418095
H47	EPI_ISL_418097
H47	EPI_ISL_418098
H47	EPI_ISL_418109
H47	EPI_ISL_418119
H47	EPI_ISL_418184
H47	EPI_ISL_418188
H47	EPI_ISL_418190
H47	EPI_ISL_418192
H47	EPI_ISL_418193
H47	EPI_ISL_418196
H47	EPI_ISL_418197
H47	EPI_ISL_418198
H47	EPI_ISL_418199
H47	EPI_ISL_418200
H47	EPI_ISL_418202
H47	EPI_ISL_418203
H47	EPI_ISL_418204
H47	EPI_ISL_418218
H47	EPI_ISL_418220
H47	EPI_ISL_418221
H47	EPI_ISL_418226
H47	EPI_ISL_418228
H47	EPI_ISL_418236
H47	EPI_ISL_418239
H113	EPI_ISL_415648
H103	EPI_ISL_415481
H139	EPI_ISL_416513
H175	EPI_ISL_417531
H175	EPI_ISL_417532
H188	EPI_ISL_417629
H188	EPI_ISL_417806
H188	EPI_ISL_418206
H188	EPI_ISL_418207
H188	EPI_ISL_418208
H188	EPI_ISL_418209
H193	EPI_ISL_417752
H84	EPI_ISL_414616
H84	EPI_ISL_415597
H84	EPI_ISL_415625
H84	EPI_ISL_416434
H84	EPI_ISL_416438
H84	EPI_ISL_416452
H84	EPI_ISL_416647
H84	EPI_ISL_416648
H84	EPI_ISL_416653
H84	EPI_ISL_416691
H84	EPI_ISL_416693
H84	EPI_ISL_416698
H84	EPI_ISL_416699
H84	EPI_ISL_416707
H84	EPI_ISL_416708
H84	EPI_ISL_416716
H84	EPI_ISL_416719
H84	EPI_ISL_416724
H84	EPI_ISL_416725
H84	EPI_ISL_416729
H84	EPI_ISL_417341
H84	EPI_ISL_417342
H84	EPI_ISL_417379
H84	EPI_ISL_417382
H84	EPI_ISL_417451
H84	EPI_ISL_417454
H84	EPI_ISL_417455
H84	EPI_ISL_417690
H84	EPI_ISL_418032
H84	EPI_ISL_418033
H84	EPI_ISL_418053
H84	EPI_ISL_418054
H84	EPI_ISL_418067
H84	EPI_ISL_418068
H84	EPI_ISL_418073
H84	EPI_ISL_418081
H89	EPI_ISL_414630
H89	EPI_ISL_416498
H89	EPI_ISL_418237
H89	EPI_ISL_418241
H89	EPI_ISL_418242
H209	EPI_ISL_418224
H180	EPI_ISL_417555
H180	EPI_ISL_417797
H97	EPI_ISL_415159
H170	EPI_ISL_417376
H170	EPI_ISL_417971
H170	EPI_ISL_418028
H170	EPI_ISL_418036
H170	EPI_ISL_418042
H170	EPI_ISL_418049
H170	EPI_ISL_418051
H151	EPI_ISL_416661
H151	EPI_ISL_417345
H151	EPI_ISL_417932
H151	EPI_ISL_418037
H151	EPI_ISL_418072
H140	EPI_ISL_416523
H140	EPI_ISL_417598
H140	EPI_ISL_417830
H202	EPI_ISL_417976
H98	EPI_ISL_415460
H98	EPI_ISL_415465
H98	EPI_ISL_415466
H98	EPI_ISL_415469
H98	EPI_ISL_415515
H98	EPI_ISL_415525
H98	EPI_ISL_415534
H173	EPI_ISL_417420
H206	EPI_ISL_418039
H86	EPI_ISL_414626
H86	EPI_ISL_414632
H86	EPI_ISL_414633
H86	EPI_ISL_414637
H86	EPI_ISL_414638
H86	EPI_ISL_415654
H86	EPI_ISL_415697
H86	EPI_ISL_416497
H86	EPI_ISL_417411
H86	EPI_ISL_417440
H86	EPI_ISL_417517
H86	EPI_ISL_417648
H86	EPI_ISL_417878
H86	EPI_ISL_418035
H86	EPI_ISL_418223
H86	EPI_ISL_418225
H86	EPI_ISL_418227
H86	EPI_ISL_418238
H199	EPI_ISL_417879
H199	EPI_ISL_418229
H199	EPI_ISL_418232
H199	EPI_ISL_418233
H125	EPI_ISL_416397
H56	EPI_ISL_413611
H56	EPI_ISL_413612
H107	EPI_ISL_415540
H106	EPI_ISL_415539
H54	EPI_ISL_413607
H67	EPI_ISL_414480
H68	EPI_ISL_414482
H68	EPI_ISL_416570
H145	EPI_ISL_416585
H8	EPI_ISL_406533
H8	EPI_ISL_408669
H8	EPI_ISL_412966
H8	EPI_ISL_413864
H8	EPI_ISL_414511
H8	EPI_ISL_416361
H8	EPI_ISL_416363
H8	EPI_ISL_416387
H189	EPI_ISL_417666
H189	EPI_ISL_417667
H118	EPI_ISL_416024
H118	EPI_ISL_416739
H118	EPI_ISL_417239
H118	EPI_ISL_417286
H118	EPI_ISL_417604
H118	EPI_ISL_417627
H118	EPI_ISL_417628
H118	EPI_ISL_417649
H118	EPI_ISL_418000
H27	EPI_ISL_412029
H27	EPI_ISL_414527
H27	EPI_ISL_414528
H27	EPI_ISL_414569
H27	EPI_ISL_416314
H27	EPI_ISL_417181
H27	EPI_ISL_417187
H27	EPI_ISL_417188
H27	EPI_ISL_417193
H27	EPI_ISL_417197
H69	EPI_ISL_414517
H69	EPI_ISL_414519
H211	EPI_ISL_418243
H163	EPI_ISL_417267
H163	EPI_ISL_417268
H163	EPI_ISL_417269
H163	EPI_ISL_417399
H28	EPI_ISL_412116
H28	EPI_ISL_414005
H28	EPI_ISL_414006
H28	EPI_ISL_414007
H28	EPI_ISL_415128
H28	EPI_ISL_415478
H28	EPI_ISL_415630
H28	EPI_ISL_417213
H28	EPI_ISL_417270
H28	EPI_ISL_417282
H28	EPI_ISL_417315
H28	EPI_ISL_417394
H28	EPI_ISL_417409
H28	EPI_ISL_417410
H28	EPI_ISL_417475
H28	EPI_ISL_417498
H28	EPI_ISL_417584
H28	EPI_ISL_417659
H28	EPI_ISL_417950
H28	EPI_ISL_418020
H28	EPI_ISL_418021
H104	EPI_ISL_415492
H184	EPI_ISL_417580
H184	EPI_ISL_417590
H184	EPI_ISL_417611
H184	EPI_ISL_417621
H184	EPI_ISL_417655
H184	EPI_ISL_417660
H184	EPI_ISL_417699
H184	EPI_ISL_417822
H178	EPI_ISL_417540
H178	EPI_ISL_417541
H178	EPI_ISL_417545
H178	EPI_ISL_417603
H178	EPI_ISL_417801
H207	EPI_ISL_418060
H164	EPI_ISL_417292
